POINTID,REGION,QQUAD,IDNUM,ADD,NOSURV,TOTBACS,BACSBIN,INSUFH,BA,FIRE,WIRE,FORB,WOOD,BARE,MIDHARD,HABQI,HABQ,PASS,ACTIVE,YR,JULIAN,BTIME,T,NOISE,PASSACTIVE,OBS
SAN-NICHOLSONCREEK1-712,SAN,NICHOLSONCREEK1,712,0,0,1,1,0,1,2,1,0,2,1,2,11.5,Good,0,1,2013,120,1040,60,2,0,GC
SAN-SOUTHERNPINES2-730,SAN,SOUTHERNPINES2,730,0,0,0,0,0,2,0,1,0,2,1,2,9.5,Fair,0,0,2013,129,0915,65,1,0,GC
SAN-SOUTHERNPINES2-722,SAN,SOUTHERNPINES2,722,0,0,1,1,0,1,2,1,0,2,2,2,12.5,Good,0,1,2013,127,0930,60,1,0,GC
SAN-SOUTHERNPINES2-867,SAN,SOUTHERNPINES2,867,1,0,0,0,0,2,2,0,0,2,1,1,9,Fair,0,0,2013,127,0845,59,2,0,GC
SAN-NIAGRA1-732,SAN,NIAGRA1,732,0,0,0,0,0,1,2,2,0,2,1,2,14,Good,0,0,2013,129,1000,75,1,0,GC
SAN-NIAGRA3-737,SAN,NIAGRA3,737,0,0,3,1,0,2,2,2,0,2,2,2,16,Excellent,0,3,2013,121,0955,59,1,0,GC
SAN-NIAGRA1-733,SAN,NIAGRA1,733,0,0,2,1,0,2,2,2,0,2,2,2,16,Excellent,0,2,2013,121,0845,58,1,0,GC
SAN-NIAGRA3-738,SAN,NIAGRA3,738,0,0,4,1,0,2,2,2,0,2,2,2,16,Excellent,3,4,2013,121,1040,59,1,3,GC
SAN-NIAGRA1-734,SAN,NIAGRA1,734,0,0,2,1,0,1,2,1,0,2,2,2,12.5,Good,2,1,2013,121,0905,58,1,1,GC
SAN-NICHOLSONCREEK1-711,SAN,NICHOLSONCREEK1,711,0,0,1,1,0,1,2,1,0,2,1,2,11.5,Good,1,0,2013,120,1015,60,1,0,GC
SAN-NICHOLSONCREEK1-709,SAN,NICHOLSONCREEK1,709,0,0,1,1,0,1,2,1,0,2,1,2,11.5,Good,0,1,2013,120,0954,60,1,0,GC
SAN-NICHOLSONCREEK1-710,SAN,NICHOLSONCREEK1,710,0,0,0,0,0,1,2,1,0,2,1,1,10.5,Fair,0,0,2013,120,0930,60,1,0,GC
SAN-SOUTHERNPINES2-729,SAN,SOUTHERNPINES2,729,0,0,0,0,0,1,0,0,0,2,1,1,5,Poor,0,0,2013,127,0750,58,1,0,GC
SAN-NIAGRA1-736,SAN,NIAGRA1,736,0,0,4,1,0,2,2,2,0,2,2,2,16,Excellent,1,4,2013,121,1015,59,1,1,GC
SAN-NIAGRA3-739,SAN,NIAGRA3,739,0,0,1,1,0,2,2,2,0,2,2,2,16,Excellent,0,1,2013,121,0930,59,2,0,GC
SCP-SINGLETARYLAKE4-788,SCP,SINGLETARYLAKE4,788,0,0,0,0,0,1,0,0,0,2,0,2,5,Fair,0,0,2013,106,1006,69,0,0,JPC
SCP-BOLIVIA3-891,SCP,BOLIVIA3,891,0,0,3,1,0,2,2,2,0,1,1,2,14,Excellent,3,3,2013,108,0922,76,0,3,JPC
SCP-WILMINGTON3-9436,SCP,WILMINGTON3,9436,1,0,0,0,0,0,0,1,0,2,0,2,6.5,Fair,0,0,2013,107,0826,67,1,0,JPC
SCP-WINNABOW4-9435,SCP,WINNABOW4,9435,1,0,1,1,0,2,2,1,0,1,1,2,11.5,Excellent,1,1,2013,107,0840,70,0,1,JPC
SCP-WILMINGTON3-9437,SCP,WILMINGTON3,9437,1,0,0,0,0,2,0,1,0,1,2,2,9.5,Fair,0,0,2013,107,0908,71,0,0,JPC
SCP-SUPPLY2-9438,SCP,SUPPLY2,9438,1,0,0,0,0,2,0,1,0,2,0,2,8.5,Fair,0,0,2013,107,1007,70,1,0,JPC
SCP-CAROLINABEACH1-914,SCP,CAROLINABEACH1,914,0,0,0,0,0,2,2,1,0,2,0,2,11.5,Fair,0,0,2013,107,0620,56,0,0,JPC
SCP-FUNSTON2-1022,SCP,FUNSTON2,1022,0,0,1,1,0,2,2,0,0,1,0,2,8,Fair,1,1,2013,107,0742,63,0,1,JPC
SCP-ROWAN4-824,SCP,ROWAN4,824,0,0,0,0,0,2,0,0,0,2,0,2,6,Poor,0,0,2013,106,0711,54,0,0,JPC
SCP-KELLY4-818,SCP,KELLY4,818,0,0,0,0,0,1,0,0,0,2,0,2,5,Poor,0,0,2013,106,0645,52,1,0,JPC
SCP-FUNSTON2-1021,SCP,FUNSTON2,1021,0,0,0,0,0,2,0,2,0,2,2,2,13,Good,0,0,2013,107,0702,57,2,0,JPC
SCP-LEWISSWAMP4-9434,SCP,LEWISSWAMP4,9434,1,0,0,0,0,2,2,1,0,2,0,2,11.5,Good,0,0,2013,108,0835,72,1,0,JPC
SCP-BOLIVIA3-890,SCP,BOLIVIA3,890,0,0,0,0,0,2,2,2,0,1,2,2,15,Excellent,0,0,2013,108,0954,76,3,0,JPC
SCP-BOLIVIA3-9433,SCP,BOLIVIA3,9433,1,0,1,1,0,2,2,2,1,1,2,2,16,Excellent,0,1,2013,108,0939,76,1,0,JPC
SCP-BOLIVIA1-882,SCP,BOLIVIA1,882,0,0,2,1,0,2,0,0,1,2,0,2,7,Fair,0,2,2013,111,0717,44,1,0,JPC
SCP-BOLIVIA2-9432,SCP,BOLIVIA2,9432,1,0,0,0,0,0,0,1,1,2,0,2,7.5,Fair,0,0,2013,111,0703,44,0,0,JPC
SCP-LEWISSWAMP4-9430,SCP,LEWISSWAMP4,9430,1,0,0,0,0,2,2,1,0,1,0,2,10.5,Fair,0,0,2013,111,0623,43,1,0,JPC
SCP-BOLIVIA1-885,SCP,BOLIVIA1,885,0,0,0,0,0,1,0,2,0,2,1,2,11,Fair,0,0,2013,111,0723,44,1,0,JPC
SCP-FREELAND2-1089,SCP,FREELAND2,1089,1,0,0,0,0,2,2,2,0,2,1,2,15,Excellent,0,0,2013,112,0721,49,0,0,JPC
SCP-FREELAND2-1090,SCP,FREELAND2,1090,1,0,0,0,0,2,2,0,0,0,0,2,7,Fair,0,0,2013,112,0702,49,1,0,JPC
SCP-SUPPLY1-9425,SCP,SUPPLY1,9425,1,0,0,0,0,0,0,2,0,2,2,2,11,Good,0,0,2013,111,0952,48,0,0,JPC
SCP-FREELAND4-1088,SCP,FREELAND4,1088,0,0,0,0,0,2,0,1,0,1,2,2,9.5,Fair,0,0,2013,112,1009,51,0,0,JPC
SCP-MASONTOWN4-2977,SCP,MASONTOWN4,2977,1,0,0,0,0,2,2,2,0,1,2,2,15,Excellent,0,0,2012,115,0946,58,1,0,JPC
SCP-ROWAN3-805,SCP,ROWAN3,805,0,0,0,0,0,1,0,0,0,2,0,2,5,Poor,0,0,2013,106,0755,56,0,0,JPC
SCP-SUPPLY1-9424,SCP,SUPPLY1,9424,1,0,0,0,0,0,0,1,0,2,0,2,6.5,Poor,0,0,2013,111,0938,46,1,0,JPC
SCP-FUNSTON4-9457,SCP,FUNSTON4,9457,1,0,1,1,0,2,2,1,0,2,0,2,11.5,Good,1,1,2013,105,0924,65,1,1,JPC
SCP-FREEMAN4-9422,SCP,FREEMAN4,9422,1,0,0,0,0,2,2,0,1,2,0,2,10,Fair,0,0,2013,113,0627,47,0,0,JPC
SCP-HADNOTCREEK3-2597,SCP,HADNOTCREEK3,2597,0,0,1,1,0,2,2,0,2,2,2,2,13,Good,1,0,2012,117,0749,,0,0,JPC
SCP-ROWAN1-13067,SCP,ROWAN1,13067,1,0,0,0,0,2,2,0,2,2,0,2,11,Fair,0,0,2013,122,0852,57,0,0,JPC
SCP-MASONTOWN4-2598,SCP,MASONTOWN4,2598,0,0,0,0,0,2,0,0,0,2,0,2,6,Poor,0,0,2012,115,1036,59,1,0,JPC
SCP-LEWISSWAMP4-1023,SCP,LEWISSWAMP4,1023,1,0,0,0,0,2,0,0,0,0,0,1,3,Poor,0,0,2013,122,0708,57,0,0,JPC
SCP-WINNABOW4-903,SCP,WINNABOW4,903,0,0,0,0,0,2,0,2,0,0,2,2,11,Good,0,0,2013,100,0917,71,1,0,JPC
SCP-WINNABOW2-9452,SCP,WINNABOW2,9452,1,0,0,0,0,2,0,1,0,1,2,2,9.5,Good,0,0,2013,100,0855,71,0,0,JPC
SCP-LELAND3-9454,SCP,LELAND3,9454,1,0,0,0,0,1,0,0,0,2,0,1,4,Poor,0,0,2013,104,0957,63,2,0,JPC
SCP-LAKEWACCAMAWEAST4-9453,SCP,LAKEWACCAMAWEAST4,9453,1,0,0,0,0,0,0,1,0,2,1,2,7.5,Poor,0,0,2013,100,1026,71,2,0,JPC
SCP-CAROLINABEACH3-1036,SCP,CAROLINABEACH3,1036,0,0,2,1,0,2,2,1,0,1,0,2,10.5,Good,0,2,2013,105,0624,56,2,0,JPC
SCP-ACME3-9459,SCP,ACME3,9459,1,0,0,0,0,0,0,2,0,2,2,2,11,Good,0,0,2013,104,1023,64,0,0,JPC
SCP-TOMAHAWK3-13066,SCP,TOMAHAWK3,13066,1,0,1,1,0,2,2,1,2,2,2,2,15.5,Good,1,0,2013,122,0831,56,2,0,JPC
SCP-CAROLINABEACH1-921,SCP,CAROLINABEACH1,921,0,0,0,0,0,2,2,2,0,2,1,2,15,Excellent,0,0,2013,105,0643,56,1,0,JPC
SCP-ROWAN3-9451,SCP,ROWAN3,9451,1,0,0,0,0,1,0,1,0,2,0,2,7.5,Fair,0,0,2013,106,0818,56,0,0,JPC
SCP-FUNSTON4-1032,SCP,FUNSTON4,1032,0,0,2,1,0,2,2,1,0,2,0,2,11.5,Good,1,1,2013,105,0903,64,2,0,JPC
SCP-FUNSTON4-9456,SCP,FUNSTON4,9456,1,0,0,0,0,2,2,1,0,2,0,2,11.5,Good,0,0,2013,105,1046,69,0,0,JPC
SCP-FUNSTON4-9455,SCP,FUNSTON4,9455,1,0,0,0,0,2,2,2,0,2,2,2,16,Excellent,0,0,2013,105,1030,69,0,0,JPC
SCP-FUNSTON4-1033,SCP,FUNSTON4,1033,0,0,3,1,0,2,2,2,0,2,0,2,14,Excellent,1,3,2013,105,0804,59,1,1,JPC
SCP-CAROLINABEACH1-920,SCP,CAROLINABEACH1,920,0,0,2,1,0,2,2,2,0,2,1,2,15,Excellent,2,2,2013,105,0719,56,1,2,JPC
SCP-FUNSTON4-1031,SCP,FUNSTON4,1031,0,0,1,1,0,2,2,2,0,2,0,2,14,Excellent,1,1,2013,105,0844,64,1,1,JPC
SCP-CAROLINABEACH3-5809,SCP,CAROLINABEACH3,5809,1,0,1,1,0,2,2,2,0,2,1,2,15,Excellent,1,1,2013,105,0823,61,1,1,JPC
SCP-KELLY3-9450,SCP,KELLY3,9450,1,0,0,0,0,1,0,0,0,2,0,2,5,Poor,0,0,2013,106,0913,65,2,0,JPC
SCP-KELLY3-1164,SCP,KELLY3,1164,0,0,0,0,0,1,0,0,0,2,0,2,5,Poor,0,0,2013,106,0858,65,2,0,JPC
SCP-SINGLETARYLAKE4-791,SCP,SINGLETARYLAKE4,791,0,0,0,0,0,2,2,0,0,2,0,2,9,Fair,0,0,2013,106,0947,69,1,0,JPC
SCP-SINGLETARYLAKE4-9449,SCP,SINGLETARYLAKE4,9449,1,0,0,0,0,1,0,0,0,2,0,2,5,Poor,0,0,2013,106,0931,67,1,0,JPC
SCP-CAROLINABEACH3-9458,SCP,CAROLINABEACH3,9458,1,0,5,1,0,2,2,2,0,2,2,2,16,Excellent,4,3,2013,105,0658,56,1,2,JPC
SCP-LEWISSWAMP1-13471,SCP,LEWISSWAMP1,13471,1,0,0,0,0,0,0,2,1,1,2,2,11,Good,0,0,2013,128,0718,62,0,0,JPC
SCP-CASTLEHAYNE1-5811,SCP,CASTLEHAYNE1,5811,1,0,0,0,0,1,2,2,0,2,2,2,15,Excellent,0,0,2013,100,0730,73,0,0,JPC
SCP-ROWAN1-804,SCP,ROWAN1,804,0,0,0,0,0,2,0,0,2,2,1,1,8,Fair,0,0,2013,135,0916,74,0,0,JPC
SCP-ROWAN1-803,SCP,ROWAN1,803,0,0,0,0,0,2,0,0,2,2,0,2,8,Fair,0,0,2013,135,0855,73,0,0,JPC
SCP-CURRIE4-998,SCP,CURRIE4,998,0,0,0,0,0,1,0,0,2,2,0,2,7,Fair,0,0,2013,140,0703,71,0,0,JPC
SCP-ROWAN1-802,SCP,ROWAN1,802,0,0,0,0,0,2,0,0,2,2,1,1,8,Fair,0,0,2013,135,0937,75,0,0,JPC
SCP-MASONTOWN1-2979,SCP,MASONTOWN1,2979,1,0,1,1,0,2,2,2,0,1,2,2,15,Excellent,0,1,2012,117,1054,74,0,0,JPC
SCP-DELWAY1-857,SCP,DELWAY1,857,0,0,0,0,0,1,2,1,1,1,1,2,11.5,Good,0,0,2013,134,0952,73,0,0,JPC
SCP-HONEYISLAND3-2605,SCP,HONEYISLAND3,2605,0,0,0,0,0,2,0,1,0,1,2,1,8.5,Fair,0,0,2012,113,0726,47,0,0,JPC
SCP-ROWAN2-826,SCP,ROWAN2,826,0,0,0,0,0,1,2,0,1,1,0,2,8,Fair,0,0,2013,135,0754,68,0,0,JPC
SCP-INGOLD2-15090,SCP,INGOLD2,15090,1,0,0,0,0,2,2,0,2,2,0,2,11,Fair,0,0,2013,134,0816,65,0,0,JPC
SCP-TOMAHAWK2-15089,SCP,TOMAHAWK2,15089,1,0,0,0,0,0,0,2,0,1,2,2,10,Good,0,0,2013,134,0733,60,0,0,JPC
SCP-DELWAY1-858,SCP,DELWAY1,858,0,0,0,0,0,2,0,0,1,0,2,2,7,Fair,0,0,2013,134,0929,72,0,0,JPC
SCP-CASTLEHAYNE1-6209,SCP,CASTLEHAYNE1,6209,1,0,0,0,0,1,2,0,0,2,0,2,8,Fair,0,0,2013,100,0753,73,,0,JPC
SCP-LEWISSWAMP2-13472,SCP,LEWISSWAMP2,13472,1,0,0,0,0,1,1,1,2,2,1,2,12,Good,0,0,2013,128,0739,63,0,0,JPC
SCP-ROWAN2-15088,SCP,ROWAN2,15088,1,0,0,0,0,2,2,2,1,2,2,2,17,Excellent,0,0,2013,135,0712,66,0,0,JPC
SCP-LEWISSWAMP2-876,SCP,LEWISSWAMP2,876,0,0,1,1,0,2,0,0,2,1,2,2,9,Good,0,1,2013,128,0754,64,0,0,JPC
SCP-CAROLINABEACH3-1037,SCP,CAROLINABEACH3,1037,0,0,1,1,0,2,2,2,0,2,2,2,16,Excellent,1,1,2013,121,0927,63,3,1,JPC
SCP-FUNSTON4-1029,SCP,FUNSTON4,1029,0,0,0,0,0,2,2,2,0,2,2,2,16,Excellent,0,0,2013,121,0909,60,2,0,JPC
SCP-KUREBEACH1-1041,SCP,KUREBEACH1,1041,0,0,2,1,0,2,2,2,0,2,1,2,15,Excellent,1,2,2013,121,0839,60,2,1,JPC
SCP-SOUTHPORT2-1040,SCP,SOUTHPORT2,1040,0,0,2,1,0,2,2,1,0,0,2,2,11.5,Good,0,2,2013,121,0816,60,2,0,JPC
SCP-CAROLINABEACH3-13065,SCP,CAROLINABEACH3,13065,1,0,0,0,0,2,2,2,0,1,1,2,14,Excellent,0,0,2013,121,0942,63,,0,JPC
SCP-TOPSAIL4-1066,SCP,TOPSAIL4,1066,0,0,0,0,0,2,0,2,0,1,1,2,11,Good,0,0,2013,119,0902,62,1,0,JPC
SCP-SINGLETARYLAKE3-9861,SCP,SINGLETARYLAKE3,9861,1,0,0,0,0,1,0,0,0,2,0,1,4,Fair,0,0,2013,115,0817,48,1,0,JPC
SCP-WINNABOW1-9863,SCP,WINNABOW1,9863,1,0,0,0,0,2,0,0,0,1,0,2,5,Fair,0,0,2013,120,0657,60,1,0,JPC
SCP-WINNABOW2-9862,SCP,WINNABOW2,9862,1,0,0,0,0,2,0,0,0,0,2,2,6,Fair,0,0,2013,120,0627,60,2,0,JPC
CCP-RANSOMVILLE4-15099,CCP,RANSOMVILLE4,15099,1,0,0,0,0,2,2,0,2,2,2,2,13,Fair,0,0,2013,147,0914,73,0,0,JPC
CCP-RANSOMVILLE4-15098,CCP,RANSOMVILLE4,15098,1,0,0,0,0,1,2,0,2,2,2,2,12,Fair,0,0,2013,147,0853,73,2,0,JPC
SCP-INGOLD2-849,SCP,INGOLD2,849,0,0,0,0,0,1,2,0,1,2,0,2,9,Fair,0,0,2013,134,0838,67,1,0,JPC
SCP-LELAND3-1780,SCP,LELAND3,1780,0,0,0,0,0,0,0,2,0,2,0,2,9,Good,0,0,2012,110,0741,60,0,0,JPC
SCP-MASONTOWN1-2978,SCP,MASONTOWN1,2978,1,0,0,0,0,2,0,2,1,2,2,2,14,Good,0,0,2012,117,1028,74,0,0,JPC
SCP-LELAND3-2574,SCP,LELAND3,2574,0,0,1,1,0,2,0,1,0,1,2,2,9.5,Fair,0,1,2012,110,0643,60,0,0,JPC
SCP-LELAND3-1784,SCP,LELAND3,1784,0,0,0,0,0,0,0,2,0,2,0,2,9,Good,0,0,2012,110,0904,60,0,0,JPC
SCP-LELAND3-1784,SCP,LELAND3,1784,0,0,0,0,0,0,0,2,0,2,0,2,9,Good,0,0,2012,110,0904,60,0,0,JPC
SCP-LELAND3-1783,SCP,LELAND3,1783,0,0,0,0,0,2,0,1,0,1,2,0,7.5,Fair,0,0,2012,110,0846,60,1,0,JPC
SCP-ROWAN1-800,SCP,ROWAN1,800,0,0,0,0,0,2,0,0,0,2,0,2,6,Fair,0,0,2013,135,0810,70,,0,JPC
SCP-LELAND3-1781,SCP,LELAND3,1781,0,0,2,1,0,2,0,2,0,0,2,2,11,Good,2,0,2012,110,0802,60,0,0,JPC
SCP-CASTLEHAYNE1-1099,SCP,CASTLEHAYNE1,1099,0,0,0,0,0,2,2,0,0,2,0,2,9,Poor,0,0,2013,100,0637,75,0,0,JPC
SCP-LELAND3-1779,SCP,LELAND3,1779,0,0,0,0,0,0,0,2,0,2,0,2,9,Good,0,0,2012,110,0723,60,0,0,JPC
SCP-LELAND3-1778,SCP,LELAND3,1778,0,0,0,0,0,2,0,1,0,0,2,2,8.5,Good,0,0,2012,110,0706,60,0,0,JPC
SCP-LELAND3-1776,SCP,LELAND3,1776,0,0,0,0,0,2,0,1,1,1,1,2,9.5,Good,0,0,2012,110,0940,67,1,0,JPC
SCP-LELAND3-1775,SCP,LELAND3,1775,0,0,0,0,0,2,0,0,0,2,0,0,4,Poor,0,0,2012,110,0918,60,0,0,JPC
SCP-LELAND3-1774,SCP,LELAND3,1774,0,0,0,0,0,2,0,1,0,1,2,1,8.5,Good,0,0,2012,110,0617,60,0,0,JPC
SCP-FREELAND2-9427,SCP,FREELAND2,9427,1,0,0,0,0,2,0,2,0,2,1,1,11,Good,0,0,2013,112,0820,49,0,0,JPC
SCP-OLDDOCK3-9423,SCP,OLDDOCK3,9423,1,0,0,0,0,2,2,2,0,1,2,2,15,Excellent,0,0,2013,113,0836,57,0,0,JPC
SCP-LELAND3-1782,SCP,LELAND3,1782,0,0,0,0,0,2,0,0,0,1,1,0,4,Poor,0,0,2012,110,0825,60,1,0,JPC
SCP-HAVELOCK3-2599,SCP,HAVELOCK3,2599,0,0,0,0,0,2,0,2,0,1,2,2,12,Good,0,0,2012,117,0854,70,1,0,JPC
SCP-FREEMAN4-1239,SCP,FREEMAN4,1239,0,0,0,0,0,0,0,1,0,0,2,2,6.5,,0,0,2013,204,0652,47,0,0,JPC
SCP-FREELAND2-9426,SCP,FREELAND2,9426,1,0,0,0,0,2,1,2,0,2,0,2,12.5,Good,0,0,2013,112,0753,49,0,0,JPC
SCP-ROCKYPOINT3-925,SCP,ROCKYPOINT3,925,0,0,0,0,0,1,0,0,0,2,0,2,5,Poor,0,0,2013,140,0744,75,0,0,JPC
SCP-FREELAND2-9429,SCP,FREELAND2,9429,1,0,0,0,0,2,2,1,0,1,0,2,10.5,Good,0,0,2013,112,0901,50,1,0,JPC
SCP-MAPLEHILLSW2-13080,SCP,MAPLEHILLSW2,13080,1,0,1,1,0,2,2,2,0,1,2,2,15,Excellent,0,1,2013,119,0634,60,0,0,JPC
SCP-SCOTTSHILL2-1084,SCP,SCOTTSHILL2,1084,0,0,0,0,0,2,0,2,0,2,2,2,13,Good,0,0,2013,105,0732,66,0,0,JPC
SCP-SWANSBORO2-12670,SCP,SWANSBORO2,12670,1,0,1,1,0,2,2,2,0,2,2,2,16,Excellent,1,1,2013,113,0755,53,0,1,JPC
SCP-SCOTTSHILL2-11464,SCP,SCOTTSHILL2,11464,1,0,0,0,0,2,2,2,0,1,2,2,15,Excellent,0,0,2013,105,0850,70,1,0,JPC
SCP-FUNSTON3-2981,SCP,FUNSTON3,2981,0,0,2,1,0,2,2,2,0,1,2,2,15,Excellent,0,2,2012,114,0833,47,0,0,JPC
SCP-CASTLEHAYNE1-5810,SCP,CASTLEHAYNE1,5810,1,0,0,0,0,2,2,1,0,2,1,2,12.5,Good,0,0,2013,100,0712,73,0,0,JPC
NFL-ESSEX4-11,NFL,ESSEX4,11,0,0,0,0,0,0,0,0,2,2,2,2,8,No habitat,0,0,2012,110,0711,60,2,0,AJL
SAN-MCDONALD1-15101,SAN,MCDONALD1,15101,1,0,0,0,0,0,1,2,1,2,2,2,13.5,Good,0,0,2012,116,0805,72,2,0,AJL
SAN-MCDONALD1-274,SAN,MCDONALD1,274,0,0,0,0,0,0,1,2,0,2,2,2,12.5,Good,0,0,2012,116,0750,70,2,0,AJL
SAN-SOUTHERNPINES1-182,SAN,SOUTHERNPINES1,182,0,0,0,0,0,0,0,2,0,2,2,2,11,Fair,0,0,2012,117,0732,74,0,0,AJL
SAN-SOUTHERNPINES1-184,SAN,SOUTHERNPINES1,184,0,0,0,0,0,2,2,1,0,2,1,2,12.5,Good,0,0,2012,117,0807,76,0,0,AJL
SAN-SOUTHERNPINES1-183,SAN,SOUTHERNPINES1,183,0,0,0,0,0,2,2,2,0,2,1,2,15,Good,0,0,2012,117,0835,75,1,0,AJL
SAN-WESTEND4-170,SAN,WESTEND4,170,0,0,0,0,0,2,2,1,0,1,2,2,12.5,Good,0,0,2012,117,0658,72,2,0,AJL
SAN-MANGUM1-345,SAN,MANGUM1,345,1,0,0,0,0,2,0,0,0,1,2,1,6,Poor,0,0,2012,114,0654,48,0,0,AJL
SAN-WAKULLA2-247,SAN,WAKULLA2,247,0,0,0,0,0,0,0,1,0,1,2,2,7.5,Poor,0,0,2012,116,0632,66,2,0,AJL
SAN-GHIO2-249,SAN,GHIO2,249,0,0,0,0,0,0,0,0,0,2,0,2,4,Poor,0,0,2012,115,0640,48,2,0,AJL
SAN-ANSONVILLE1-165,SAN,ANSONVILLE1,165,0,0,0,0,0,0,0,1,1,1,2,2,8.5,Fair,0,0,2012,114,0802,55,0,0,AJL
SAN-WAKULLA4-248,SAN,WAKULLA4,248,0,0,0,0,0,0,0,1,0,2,1,2,7.5,Poor,0,0,2012,116,0650,66,2,0,AJL
SAN-MCDONALD1-344,SAN,MCDONALD1,344,1,0,0,0,0,0,0,0,0,0,2,2,4,Poor,0,0,2012,116,0734,68,2,0,AJL
SAN-WADESBORO2-158,SAN,WADESBORO2,158,0,0,0,0,0,0,0,0,0,2,2,2,6,Poor,0,0,2012,114,0718,50,2,0,AJL
SAN-MCCOLL4-126,SAN,MCCOLL4,126,0,0,0,0,0,0,0,1,0,2,2,2,8.5,Poor,0,0,2012,115,0718,50,1,0,AJL
SAN-MCCOLL4-127,SAN,MCCOLL4,127,0,0,0,0,0,0,0,1,0,2,2,2,8.5,Fair,0,0,2012,115,0731,50,1,0,AJL
SAN-MORVENWEST1-162,SAN,MORVENWEST1,162,0,0,0,0,0,0,0,1,0,1,1,1,5.5,Poor,0,0,2012,114,0918,67,1,0,AJL
SAN-MORVENWEST1-164,SAN,MORVENWEST1,164,0,0,0,0,0,0,0,1,0,2,2,2,8.5,Poor,0,0,2012,114,0903,65,2,0,AJL
SAN-ROWLAND1-271,SAN,ROWLAND1,271,0,0,0,0,0,0,0,0,0,0,2,0,2,Poor,0,0,2012,115,0832,50,0,0,AJL
SAN-WADESBORO4-160,SAN,WADESBORO4,160,0,0,0,0,0,2,2,1,0,2,1,2,12.5,Good,0,0,2012,114,0840,60,1,0,AJL
SAN-PINEBLUFF3-151,SAN,PINEBLUFF3,151,0,0,0,0,0,1,1,0,0,1,1,1,5.5,Poor,0,0,2012,151,0750,67,2,0,KKJ
SAN-AUTRYVILLE2-347,SAN,AUTRYVILLE2,347,0,0,0,0,0,2,2,1,0,1,2,1,11.5,Fair,0,0,2012,129,0918,70,0,0,KKJ
SAN-LOBELIA4-326,SAN,LOBELIA4,326,0,0,2,1,0,2,2,2,0,1,1,2,14,Good,0,2,2012,131,1003,65,0,0,KKJ
SAN-VANDER2-478,SAN,VANDER2,478,0,0,0,0,0,0,0,1,1,2,2,2,9.5,Fair,0,0,2012,129,1002,73,0,0,KKJ
SAN-OVERHILLS1-238,SAN,OVERHILLS1,238,0,0,0,0,0,1,2,1,0,1,2,1,10.5,Fair,0,0,2012,141,0843,65,0,0,KKJ
SAN-LOBELIA4-327,SAN,LOBELIA4,327,0,0,0,0,0,2,0,1,0,2,0,2,8.5,Fair,0,0,2012,131,1015,65,0,0,KKJ
SAN-MARSTON2-573,SAN,MARSTON2,573,0,1,,0,1,1,0,0,0,2,1,0,4,Poor,0,0,2012,213,,,,0,KKJ
SAN-AUTRYVILLE2-430,SAN,AUTRYVILLE2,430,0,0,0,0,0,0,0,2,0,2,2,2,11,Fair,0,0,2012,129,0901,68,1,0,KKJ
SAN-BUNNLEVEL3-491,SAN,BUNNLEVEL3,491,0,0,0,0,0,2,0,0,0,1,1,1,5,Poor,0,0,2012,149,0804,73,2,0,KKJ
SAN-HARRISVILLE1-281,SAN,HARRISVILLE1,281,0,0,0,0,0,0,0,1,0,2,2,2,8.5,Poor,0,0,2012,117,,,,0,KKJ
SAN-LOBELIA4-329,SAN,LOBELIA4,329,0,0,0,0,0,2,0,1,0,1,1,2,8.5,Fair,0,0,2012,131,1041,67,0,0,KKJ
SAN-SILVERHILL1-569,SAN,SILVERHILL1,569,1,0,0,0,0,2,2,1,0,1,2,2,12.5,Fair,0,0,2012,151,0637,65,0,0,KKJ
SAN-OVERHILLS1-239,SAN,OVERHILLS1,239,0,0,0,0,0,1,2,1,0,2,2,1,11.5,Fair,0,0,2012,141,0944,68,0,0,KKJ
SAN-ANDERSONCREEK4-490,SAN,ANDERSONCREEK4,490,0,0,0,0,0,2,0,0,0,0,1,1,4,Poor,0,0,2012,141,1031,74,2,0,KKJ
SAN-OVERHILLS1-245,SAN,OVERHILLS1,245,0,0,0,0,0,2,2,1,0,1,1,2,11.5,Fair,0,0,2012,141,0743,63,0,0,KKJ
SAN-HARRISVILLE3-343,SAN,HARRISVILLE3,343,1,0,0,0,0,0,0,1,0,2,1,2,7.5,Poor,0,0,2012,117,0607,60,1,0,KKJ
SAN-OVERHILLS1-240,SAN,OVERHILLS1,240,0,0,2,1,0,1,2,2,0,1,2,2,14,Good,1,2,2012,141,0832,65,0,1,KKJ
SAN-HARRISVILLE3-342,SAN,HARRISVILLE3,342,0,0,0,0,0,0,0,1,0,2,2,2,8.5,Fair,0,0,2012,117,0638,62,1,0,KKJ
SAN-BUNNLEVEL3-492,SAN,BUNNLEVEL3,492,0,0,0,0,0,2,0,0,0,0,2,0,4,Poor,0,0,2012,149,0815,74,2,0,KKJ
SAN-OLIVIA2-529,SAN,OLIVIA2,529,0,0,0,0,0,1,0,2,0,2,1,2,11,Fair,0,0,2012,149,0848,74,0,0,KKJ
SAN-BUNNLEVEL3-493,SAN,BUNNLEVEL3,493,0,0,0,0,0,2,0,0,0,1,2,2,7,Poor,0,0,2012,149,0753,73,2,0,KKJ
SAN-ELIZABETHNORTH1-423,SAN,ELIZABETHNORTH1,423,0,0,0,0,0,2,2,0,1,1,2,2,11,Fair,0,0,2012,129,0754,67,0,0,KKJ
SAN-PINEBLUFF1-98,SAN,PINEBLUFF1,98,0,0,0,0,0,2,1,2,0,1,2,2,13.5,Good,0,0,2012,151,0801,67,1,0,KKJ
SAN-MARSTON1-574,SAN,MARSTON1,574,0,1,,0,1,0,0,0,0,2,0,2,4,No habitat,0,0,2012,213,,,,0,KKJ
SAN-OVERHILLS1-242,SAN,OVERHILLS1,242,0,0,0,0,0,1,2,0,1,1,1,2,9,Fair,0,0,2012,141,0817,65,0,0,KKJ
SAN-NICHOLSONCREEK3-303,SAN,NICHOLSONCREEK3,303,0,0,0,0,0,0,0,0,1,2,2,2,7,Poor,0,0,2012,130,0846,63,1,0,KKJ
SAN-NICHOLSONCREEK3-302,SAN,NICHOLSONCREEK3,302,0,0,1,1,0,1,1,0,1,1,2,2,8.5,Fair,0,1,2012,130,0943,66,1,0,KKJ
SAN-NICHOLSONCREEK3-294,SAN,NICHOLSONCREEK3,294,0,0,2,1,0,1,1,1,1,1,1,1,9,Fair,0,2,2012,130,0858,65,0,0,KKJ
SAN-NICHOLSONCREEK3-305,SAN,NICHOLSONCREEK3,305,0,0,1,1,0,2,1,1,0,2,1,1,10,Fair,1,0,2012,130,0911,65,0,0,KKJ
SAN-NICHOLSONCREEK3-295,SAN,NICHOLSONCREEK3,295,0,0,0,0,0,1,0,1,0,1,2,2,8.5,Fair,0,0,2012,131,1055,70,0,0,KKJ
SAN-NICHOLSONCREEK3-296,SAN,NICHOLSONCREEK3,296,0,0,0,0,0,1,0,1,0,2,1,2,8.5,Fair,0,0,2012,131,1105,72,0,0,KKJ
SAN-PINEBLUFF3-145,SAN,PINEBLUFF3,145,0,0,1,1,0,2,1,1,0,2,2,1,11,Fair,0,1,2012,130,0730,58,1,0,KKJ
SAN-LOBELIA1-225,SAN,LOBELIA1,225,0,0,0,0,0,2,2,1,0,0,1,2,10.5,Fair,0,0,2012,131,0647,55,1,0,KKJ
SAN-OVERHILLS1-237,SAN,OVERHILLS1,237,0,0,0,0,0,1,2,2,0,2,2,1,14,Good,0,0,2012,141,0854,65,0,0,KKJ
SAN-ELIZABETHNORTH1-422,SAN,ELIZABETHNORTH1,422,0,0,0,0,0,2,0,0,0,0,2,2,6,Poor,0,0,2012,129,0641,65,0,0,KKJ
SAN-PINEBLUFF3-150,SAN,PINEBLUFF3,150,0,0,0,0,0,2,1,0,0,1,2,1,7.5,Poor,0,0,2012,130,0656,56,1,0,KKJ
SAN-ELIZABETHNORTH1-419,SAN,ELIZABETHNORTH1,419,0,0,0,0,0,2,0,0,0,1,2,2,7,Poor,0,0,2012,149,0628,70,2,0,KKJ
SAN-PINEBLUFF3-149,SAN,PINEBLUFF3,149,0,0,0,0,0,2,1,0,0,0,2,1,6.5,Poor,0,0,2012,130,0643,55,2,0,KKJ
SAN-PINEBLUFF3-147,SAN,PINEBLUFF3,147,0,0,1,1,0,1,2,1,0,2,1,2,11.5,Fair,0,1,2012,130,0630,55,0,0,KKJ
SAN-SILVERHILL1-71,SAN,SILVERHILL1,71,0,0,1,1,0,1,1,1,0,1,2,1,9,Fair,0,1,2012,114,0754,50,0,0,KKJ
SAN-PINEBLUFF3-65,SAN,PINEBLUFF3,65,0,0,0,0,0,1,2,2,0,1,2,2,14,Good,0,0,2012,116,0751,65,1,0,KKJ
SAN-PINEBLUFF3-144,SAN,PINEBLUFF3,144,0,0,0,0,0,2,2,0,1,1,2,2,11,Fair,0,0,2012,130,0757,60,1,0,KKJ
SAN-HARRISVILLE1-340,SAN,HARRISVILLE1,340,0,0,0,0,0,1,0,0,0,2,2,1,6,Poor,0,0,2012,117,,,,0,KKJ
SAN-AMMON2-438,SAN,AMMON2,438,0,0,0,0,0,0,0,2,0,2,1,2,10,Fair,0,0,2012,128,0805,65,2,0,KKJ
SAN-LOBELIA1-222,SAN,LOBELIA1,222,0,0,2,1,0,2,1,1,1,2,1,1,11,Good,1,2,2012,131,0717,56,0,1,KKJ
SAN-LOBELIA4-328,SAN,LOBELIA4,328,0,0,1,1,0,1,1,1,0,0,2,2,9,Fair,0,1,2012,131,1030,66,0,0,KKJ
SAN-AUTRYVILLE3-350,SAN,AUTRYVILLE3,350,0,0,0,0,0,1,0,1,0,2,1,1,7.5,Poor,0,0,2012,129,0836,67,2,0,KKJ
SAN-LOBELIA1-227,SAN,LOBELIA1,227,0,0,0,0,0,2,2,1,0,1,1,2,11.5,Good,0,0,2012,131,0702,55,0,0,KKJ
SAN-NIAGRA2-211,SAN,NIAGRA2,211,0,0,0,0,0,2,1,0,0,1,2,2,8.5,Fair,0,0,2012,130,0613,53,0,0,KKJ
SAN-NICHOLSONCREEK3-304,SAN,NICHOLSONCREEK3,304,0,0,1,1,0,1,2,1,1,2,2,1,12.5,Good,0,1,2012,130,0929,66,1,0,KKJ
SAN-ELIZABETHNORTH1-424,SAN,ELIZABETHNORTH1,424,0,0,0,0,0,1,1,0,1,2,1,2,8.5,Fair,0,0,2012,129,0712,65,2,0,KKJ
SAN-CLIFDALE1-306,SAN,CLIFDALE1,306,0,0,0,0,0,1,0,0,0,1,1,2,5,Poor,0,0,2012,130,1026,70,1,0,KKJ
SAN-ELIZABETHNORTH1-428,SAN,ELIZABETHNORTH1,428,0,0,0,0,0,1,0,0,0,0,2,1,4,Poor,0,0,2012,129,0739,,,0,KKJ
SAN-ELIZABETHNORTH1-420,SAN,ELIZABETHNORTH1,420,0,0,0,0,0,1,0,0,0,1,0,2,4,Poor,0,0,2012,129,0609,65,0,0,KKJ
SAN-LOBELIA4-330,SAN,LOBELIA4,330,0,0,0,0,0,1,2,2,0,2,2,2,15,Good,0,0,2012,130,1045,73,1,0,KKJ
SAN-ELIZABETHNORTH1-421,SAN,ELIZABETHNORTH1,421,0,0,0,0,0,2,2,1,1,1,1,2,12.5,Good,0,0,2012,129,0657,65,1,0,KKJ
SAN-ELIZABETHNORTH1-427,SAN,ELIZABETHNORTH1,427,0,0,0,0,0,2,1,0,0,1,1,1,6.5,Poor,0,0,2012,129,0628,65,1,0,KKJ
SAN-SILVERHILL1-66,SAN,SILVERHILL1,66,0,0,0,0,0,1,2,0,2,2,2,2,12,Fair,0,0,2012,151,0656,65,0,0,KKJ
SAN-VANDER2-480,SAN,VANDER2,480,0,0,0,0,0,0,0,1,0,2,2,2,8.5,Fair,0,0,2012,129,1029,74,1,0,KKJ
SAN-NIAGRA2-210,SAN,NIAGRA2,210,0,0,1,1,0,2,1,1,0,1,2,2,11,Fair,0,1,2012,131,0602,53,0,0,KKJ
SAN-PINEBLUFF3-142,SAN,PINEBLUFF3,142,0,0,0,0,0,2,2,2,0,1,2,2,15,Excellent,0,0,2012,116,0718,63,0,0,KKJ
SAN-HAMLET2-376,SAN,HAMLET2,376,0,0,0,0,0,2,1,2,0,2,1,2,13.5,Good,0,0,2012,123,,,,0,KKJ
SAN-HAMLET2-379,SAN,HAMLET2,379,0,0,0,0,0,2,2,2,0,2,1,1,14,Good,0,0,2012,123,0745,70,0,0,KKJ
SAN-HAMLET2-377,SAN,HAMLET2,377,0,0,0,0,0,2,2,1,0,2,1,2,12.5,Fair,0,0,2012,123,0727,72,1,0,KKJ
SAN-LOBELIA4-320,SAN,LOBELIA4,320,0,0,2,1,0,2,2,2,0,1,1,2,14,Good,1,2,2012,131,0823,60,0,1,KKJ
SAN-LOBELIA4-319,SAN,LOBELIA4,319,0,0,0,0,0,2,2,1,0,2,2,2,13.5,Good,0,0,2012,131,0833,60,1,0,KKJ
SAN-LOBELIA1-221,SAN,LOBELIA1,221,0,0,1,1,0,2,2,1,1,1,2,2,13.5,Good,0,1,2012,131,0729,58,0,0,KKJ
SAN-BONNETSVILLE2-461,SAN,BONNETSVILLE2,461,0,0,0,0,0,1,0,0,1,2,2,2,8,Fair,0,0,2012,128,0844,66,0,0,KKJ
SAN-LOBELIA1-228,SAN,LOBELIA1,228,0,0,0,0,0,2,2,1,0,1,1,1,10.5,Fair,0,0,2012,131,0749,60,0,0,KKJ
SAN-AUTRYVILLE1-429,SAN,AUTRYVILLE1,429,0,0,0,0,0,1,2,0,0,1,1,2,8,Poor,0,0,2012,128,0615,55,1,0,KKJ
SAN-OVERHILLS1-241,SAN,OVERHILLS1,241,0,0,1,1,0,2,2,1,0,1,2,2,12.5,Good,1,1,2012,141,0930,67,0,1,KKJ
SAN-MARSTON3-389,SAN,MARSTON3,389,0,0,0,0,0,2,1,1,0,2,1,2,11,Fair,0,0,2012,123,1025,75,0,0,KKJ
SAN-MARSTON3-387,SAN,MARSTON3,387,0,0,0,0,0,2,1,0,0,1,2,2,8.5,Poor,0,0,2012,123,1012,75,0,0,KKJ
SAN-OVERHILLS1-236,SAN,OVERHILLS1,236,0,0,1,1,0,1,2,2,0,1,2,1,13,Good,0,1,2012,141,0905,66,0,0,KKJ
SAN-MARSTON1-382,SAN,MARSTON1,382,0,0,0,0,0,1,2,1,1,2,1,2,12.5,Good,0,0,2012,123,,,,0,KKJ
SAN-SILVERHILL1-137,SAN,SILVERHILL1,137,0,0,1,1,0,2,2,2,0,1,2,2,15,Good,0,1,2012,116,0614,60,0,0,KKJ
SAN-HARRISVILLE3-290,SAN,HARRISVILLE3,290,0,0,0,0,0,0,0,2,0,2,2,2,11,Fair,0,0,2012,117,0620,60,1,0,KKJ
SAN-HARRISVILLE1-341,SAN,HARRISVILLE1,341,0,0,0,0,0,0,0,1,0,2,2,2,8.5,Fair,0,0,2012,117,0708,62,1,0,KKJ
SAN-HARRISVILLE3-285,SAN,HARRISVILLE3,285,0,0,0,0,0,0,0,0,0,1,1,2,4,Poor,0,0,2012,117,0653,62,1,0,KKJ
SAN-HARRISVILLE1-280,SAN,HARRISVILLE1,280,0,0,0,0,0,0,0,1,0,2,1,2,7.5,Poor,0,0,2012,117,0821,65,0,0,KKJ
SAN-CHESSON-291,SAN,CHESSON,291,0,0,0,0,0,2,2,1,0,2,2,2,13.5,Good,0,0,2012,117,,,,0,KKJ
SAN-AMMON2-445,SAN,AMMON2,445,0,0,0,0,0,0,0,1,0,2,1,2,7.5,Fair,0,0,2012,128,0753,63,2,0,KKJ
SAN-SILVERHILL1-141,SAN,SILVERHILL1,141,0,0,0,0,0,2,1,1,0,1,2,2,11,Fair,0,0,2012,116,0704,60,1,0,KKJ
SAN-HARRISVILLE1-339,SAN,HARRISVILLE1,339,1,0,0,0,0,0,0,1,0,2,2,2,8.5,Poor,0,0,2012,117,0752,63,1,0,KKJ
SAN-SILVERHILL1-337,SAN,SILVERHILL1,337,0,0,2,1,0,2,2,1,1,2,2,2,14.5,Good,0,2,2012,116,0734,63,0,0,KKJ
SAN-MARSTON4-89,SAN,MARSTON4,89,0,0,0,0,0,2,1,1,0,1,2,2,11,Good,0,0,2012,115,0714,55,0,0,KKJ
SAN-MARSTON4-87,SAN,MARSTON4,87,0,0,0,0,0,0,0,0,1,0,1,2,4,Poor,0,0,2012,115,0657,55,0,0,KKJ
SAN-MARSTON4-82,SAN,MARSTON4,82,0,0,0,0,0,2,2,1,1,2,2,2,14.5,Good,0,0,2012,116,0648,63,0,0,KKJ
SAN-SILVERHILL1-93,SAN,SILVERHILL1,93,0,0,0,0,0,2,1,1,0,1,1,2,10,Fair,0,0,2012,116,0632,60,0,0,KKJ
SAN-HAMLET2-381,SAN,HAMLET2,381,0,0,0,0,0,2,0,1,0,2,2,1,9.5,Fair,0,0,2012,123,0656,71,1,0,KKJ
SAN-CHESSON-292,SAN,CHESSON,292,0,0,0,0,0,1,2,0,1,2,2,2,11,Fair,0,0,2012,117,0909,67,0,0,KKJ
SAN-OVERHILLS1-243,SAN,OVERHILLS1,243,0,0,0,0,0,1,1,1,0,0,2,2,9,Fair,0,0,2012,141,0754,63,0,0,KKJ
SAN-LOBELIA1-233,SAN,LOBELIA1,233,0,0,0,0,0,2,1,2,1,1,2,2,14.5,Good,0,0,2012,141,0615,62,2,0,KKJ
SAN-LOBELIA1-234,SAN,LOBELIA1,234,0,0,0,0,0,0,0,0,1,0,1,2,4,Poor,0,0,2012,141,0628,62,2,0,KKJ
SAN-LOBELIA4-105,SAN,LOBELIA4,105,0,0,0,0,0,2,0,1,0,2,1,1,8.5,Fair,0,0,2012,131,0948,64,0,0,KKJ
SAN-LOBELIA4-325,SAN,LOBELIA4,325,0,0,0,0,0,1,1,1,0,2,1,2,10,Fair,0,0,2012,131,0918,62,1,0,KKJ
SAN-LOBELIA4-323,SAN,LOBELIA4,323,0,0,1,1,0,2,1,2,0,1,2,2,13.5,Good,1,1,2012,131,0845,60,0,1,KKJ
SAN-LOBELIA4-322,SAN,LOBELIA4,322,0,0,0,0,0,1,1,1,0,1,1,2,9,Fair,0,0,2012,131,0854,60,0,0,KKJ
SAN-RENNERT3-402,SAN,RENNERT3,402,0,0,0,0,0,0,0,1,0,2,2,2,8.5,Poor,0,0,2012,124,0631,60,1,0,KKJ
SAN-MANCHESTER3-101,SAN,MANCHESTER3,101,0,0,0,0,0,1,2,0,1,2,1,2,10,Fair,0,0,2012,141,0705,63,0,0,KKJ
SAN-LOBELIA4-324,SAN,LOBELIA4,324,0,0,0,0,0,2,2,2,0,1,1,2,14,Good,0,0,2012,131,0905,61,0,0,KKJ
SAN-RENNERT4-404,SAN,RENNERT4,404,0,0,0,0,0,2,2,1,0,1,1,1,10.5,Fair,0,0,2012,124,0704,62,2,0,KKJ
SAN-DUART1-413,SAN,DUART1,413,0,0,0,0,0,0,0,0,0,1,2,2,5,Poor,0,0,2012,124,,,,0,KKJ
SAN-BEARSKIN3-469,SAN,BEARSKIN3,469,0,0,0,0,0,1,1,1,0,2,2,1,10,Fair,0,0,2012,128,1016,70,1,0,KKJ
SAN-RENNERT4-403,SAN,RENNERT4,403,0,0,0,0,0,0,0,1,0,2,2,2,8.5,Fair,0,0,2012,124,0647,62,0,0,KKJ
SAN-RENNERT4-405,SAN,RENNERT4,405,0,0,0,0,0,0,0,1,0,2,2,2,8.5,Poor,0,0,2012,94,0721,65,1,0,KKJ
SAN-BONNETSVILLE1-97,SAN,BONNETSVILLE1,97,0,0,0,0,0,2,2,2,0,2,2,2,16,Excellent,0,0,2012,128,1028,75,1,0,KKJ
SAN-MCCAIN1-397,SAN,MCCAIN1,397,0,0,0,0,0,1,2,0,2,1,2,2,11,Good,0,0,2012,151,0732,66,1,0,KKJ
SAN-OVERHILLS1-244,SAN,OVERHILLS1,244,0,0,1,1,0,2,2,1,0,2,1,2,12.5,Good,1,1,2012,141,0729,63,0,1,KKJ
SAN-LOBELIA4-321,SAN,LOBELIA4,321,0,0,1,1,0,2,0,1,0,2,2,1,9.5,Fair,0,1,2012,131,0928,63,2,0,KKJ
SAN-BONNETSVILLE1-470,SAN,BONNETSVILLE1,470,0,0,0,0,0,2,2,2,0,1,2,2,15,Good,0,0,2012,128,1040,75,1,0,KKJ
NFL-CENTERVILLE1-184,NFL,CENTERVILLE1,184,1,0,0,0,0,1,0,0,0,2,0,2,5,Poor,0,0,2012,142,0713,66,2,0,SKA
NFL-GRISSOM3-42,NFL,GRISSOM3,42,0,0,0,0,1,0,0,0,0,1,0,0,1,No habitat,0,0,2012,114,0735,38,1,0,SKA
NFL-GRISSOM3-41,NFL,GRISSOM3,41,0,0,0,0,0,1,2,0,2,2,1,1,10,Poor,0,0,2012,114,0824,40,3,0,SKA
NFL-FUQUAYVARINA4-87,NFL,FUQUAYVARINA4,87,1,0,0,0,0,0,0,0,0,2,0,2,4,Poor,0,0,2012,116,1002,70,1,0,SKA
NFL-FUQUAYVARINA4-86,NFL,FUQUAYVARINA4,86,1,0,0,0,0,2,2,1,1,2,1,2,13.5,Fair,0,0,2012,116,0938,65,2,0,SKA
NFL-ESSEX4-7012,NFL,ESSEX4,7012,0,0,0,0,0,2,1,0,1,0,2,2,8.5,Poor,0,0,2013,126,0847,65,1,0,SKA
NFL-WINSTEADCROSSROADS4-136,NFL,WINSTEADCROSSROADS4,136,0,1,,0,0,2,0,0,2,2,1,2,9,Fair,0,0,2012,128,,,,0,SKA
NFL-KENLEYEAST4-130,NFL,KENLEYEAST4,130,0,0,0,0,0,2,0,0,0,0,2,2,6,Poor,0,0,2013,105,0931,60,0,0,SKA
NFL-LITTLETON4-177,NFL,LITTLETON4,177,0,0,0,0,0,1,2,0,0,1,1,0,6,Poor,0,0,2013,106,0918,65,0,0,SKA
NFL-WINSTEADCROSSROADS4-141,NFL,WINSTEADCROSSROADS4,141,0,0,0,0,0,1,0,0,1,1,1,1,5,No habitat,0,0,2012,128,1002,70,1,0,SKA
NFL-CLAYTON3-83,NFL,CLAYTON3,83,0,0,0,0,0,1,0,0,0,1,0,1,3,Poor,0,0,2012,116,0735,65,3,0,SKA
NFL-HALIFAX4-24315,NFL,HALIFAX4,24315,0,0,0,0,0,1,0,1,2,2,2,2,11.5,Poor,0,0,2013,126,0810,65,2,0,SKA
NFL-CENTERVILLE2-158,NFL,CENTERVILLE2,158,0,0,0,0,0,0,0,0,2,0,2,0,4,Poor,0,0,2012,130,1022,70,2,0,SKA
NFL-CENTERVILLE4-160,NFL,CENTERVILLE4,160,0,0,0,0,0,1,0,0,1,0,2,1,5,No habitat,0,0,2012,130,0933,68,1,0,SKA
NFL-CASTALIA2-182,NFL,CASTALIA2,182,1,0,0,0,1,2,0,0,2,0,2,2,8,No habitat,0,0,2012,130,0856,68,1,0,SKA
NFL-BUNNLEVEL3-24312,NFL,BUNNLEVEL3,24312,0,0,0,0,0,2,2,2,0,2,1,2,15,Good,0,0,2013,119,1000,65,0,0,SKA
NFL-BAYLEAF1-23912,NFL,BAYLEAF1,23912,1,0,0,0,1,0,0,0,2,0,2,0,4,No habitat,0,0,2012,130,0711,62,2,0,SKA
NFL-ANDERSONCREEK2-24314,NFL,ANDERSONCREEK2,24314,0,0,0,0,1,0,0,0,1,0,2,0,3,No habitat,0,0,2013,119,1120,65,0,0,SKA
NFL-AFTON4-164,NFL,AFTON4,164,0,0,0,0,0,1,0,0,2,1,1,1,6,,0,0,2012,129,0911,68,0,0,SKA
NFL-THELMA4-193,NFL,THELMA4,193,0,0,0,0,0,0,0,1,0,1,2,1,6.5,Poor,0,0,2013,106,1018,65,1,0,SKA
NFL-LITTLETON4-8221,NFL,LITTLETON4,8221,1,0,0,0,0,0,0,1,0,1,1,2,6.5,Poor,0,0,2013,106,0938,65,,0,SKA
NFL-THELMA1-8220,NFL,THELMA1,8220,1,0,0,0,0,2,0,0,0,0,1,2,5,Poor,0,0,2013,108,0744,65,2,0,SKA
NFL-HOLLISTER4-176,NFL,HOLLISTER4,176,0,0,0,0,0,1,2,0,0,0,0,1,5,Poor,0,0,2013,106,0856,60,1,0,SKA
NFL-HOLLISTER4-7014,NFL,HOLLISTER4,7014,1,0,0,0,0,0,0,2,0,2,2,2,11,Fair,0,0,2013,106,0804,61,2,0,SKA
NFL-HOLLISTER1-175,NFL,HOLLISTER1,175,0,0,0,0,0,0,0,1,0,2,1,2,7.5,Poor,0,0,2013,106,0723,60,2,0,SKA
NFL-ROANOKERAPIDS3-189,NFL,ROANOKERAPIDS3,189,0,0,0,0,0,1,0,2,0,2,2,2,12,Good,0,0,2013,106,1047,68,3,0,SKA
NFL-SARATOGA1-149,NFL,SARATOGA1,149,1,0,0,0,0,0,0,1,0,2,0,2,6.5,No habitat,0,0,2012,128,1032,75,3,0,SKA
NFL-WINSTEADCROSSROADS4-138,NFL,WINSTEADCROSSROADS4,138,0,0,0,0,1,0,0,1,1,2,2,2,9.5,No habitat,0,0,2012,128,0858,68,2,0,SKA
NFL-CENTERVILLE2-156,NFL,CENTERVILLE2,156,0,0,0,0,0,1,2,0,1,2,0,1,8,Poor,0,0,2012,130,1010,70,1,0,SKA
NFL-HOLLISTER2-7013,NFL,HOLLISTER2,7013,1,0,0,0,0,1,0,0,1,1,0,1,4,Poor,0,0,2013,106,0704,60,1,0,SKA
NFL-THELMA1-118,NFL,THELMA1,118,0,1,,0,1,1,0,0,1,0,2,0,4,No habitat,0,0,2013,108,,,,0,SKA
NFL-STANCILSCHAPEL3-107,NFL,STANCILSCHAPEL3,107,0,0,0,0,1,2,0,0,1,0,1,1,5,No habitat,0,0,2012,117,0914,65,2,0,SKA
NFL-STANCILSCHAPEL1-108,NFL,STANCILSCHAPEL1,108,0,0,0,0,1,2,0,0,1,1,2,2,8,No habitat,0,0,2012,117,1026,70,1,0,SKA
NFL-WINSTEADCROSSROADS4-139,NFL,WINSTEADCROSSROADS4,139,0,1,,0,1,2,0,0,1,0,1,2,6,No habitat,0,0,2012,128,,,,0,SKA
NFL-SARATOGA4-143,NFL,SARATOGA4,143,0,1,,0,1,1,0,0,2,0,2,1,6,No habitat,0,0,2013,105,,,,0,SKA
NFL-WINSTEADCROSSROADS2-142,NFL,WINSTEADCROSSROADS2,142,0,1,,0,1,1,0,0,1,0,2,0,4,No habitat,0,0,2012,128,,,,0,SKA
NFL-ROANOKERAPIDS1-194,NFL,ROANOKERAPIDS1,194,0,1,,0,1,0,0,0,2,2,2,2,8,No habitat,0,0,2013,108,,,,0,SKA
NFL-PINETOPS1-146,NFL,PINETOPS1,146,0,1,,0,1,0,0,0,1,0,1,1,3,No habitat,0,0,2013,105,,,,0,SKA
NFL-NORTHEASTDURHAM4-73,NFL,NORTHEASTDURHAM4,73,1,0,0,0,0,1,2,0,0,1,0,1,6,Fair,0,0,2012,114,1034,68,1,0,SKA
NFL-LITTLETON4-24311,NFL,LITTLETON4,24311,1,0,0,0,0,1,0,0,1,1,1,1,5,Poor,0,0,2013,108,0838,68,1,0,SKA
NFL-INEZ3-172,NFL,INEZ3,172,0,0,0,0,1,1,0,0,2,0,2,2,7,No habitat,0,0,2012,142,0818,68,1,0,SKA
NFL-SELMA2-110,NFL,SELMA2,110,0,0,0,0,0,0,0,0,2,0,1,0,3,No habitat,0,0,2012,128,0705,65,3,0,SKA
NFL-KENLEYEAST4-129,NFL,KENLEYEAST4,129,0,0,0,0,0,2,0,0,1,1,1,2,7,Poor,0,0,2013,105,0903,60,0,0,SKA
NFL-LOUISBURG1-165,NFL,LOUISBURG1,165,1,0,0,0,0,1,0,1,1,1,1,2,8.5,Poor,0,0,2012,129,0815,66,3,0,SKA
NFL-LOUISBURG1-166,NFL,LOUISBURG1,166,1,0,0,0,0,1,0,1,0,2,1,1,7.5,No habitat,0,0,2012,129,0735,65,3,0,SKA
NFL-MACON4-186,NFL,MACON4,186,0,0,0,0,0,1,2,0,1,2,0,2,9,Fair,0,0,2012,142,0917,70,1,0,SKA
NFL-MIDDLESEX3-106,NFL,MIDDLESEX3,106,0,0,0,0,0,1,0,0,1,1,1,2,6,Poor,0,0,2012,117,0847,65,1,0,SKA
NFL-MIDDLESEX3-132,NFL,MIDDLESEX3,132,1,0,0,0,0,1,0,0,2,0,2,2,7,No habitat,0,0,2012,117,0803,65,2,0,SKA
NFL-NORTHEASTDURHAM4-44,NFL,NORTHEASTDURHAM4,44,0,0,0,0,1,2,0,0,1,0,1,2,6,No habitat,0,0,2012,114,0944,64,1,0,SKA
NFL-MIDDLESEX3-133,NFL,MIDDLESEX3,133,1,0,0,0,0,1,0,0,1,0,2,2,6,No habitat,0,0,2012,117,0830,65,2,0,SKA
NFL-MIDDLESEX4-23911,NFL,MIDDLESEX4,23911,1,0,0,0,1,0,0,0,0,2,0,2,4,No habitat,0,0,2012,128,0752,65,1,0,SKA
NFL-MIDDLESEX3-101,NFL,MIDDLESEX3,101,0,0,0,0,0,2,0,0,1,0,2,1,6,Poor,0,0,2013,105,0815,59,2,0,SKA
SAN-HOFFMAN4-518,SAN,HOFFMAN4,518,0,1,,0,1,1,0,0,0,2,0,1,4,Poor,0,0,2012,141,,,,0,JFM
SAN-WHITEHILL1-540,SAN,WHITEHILL1,540,0,1,,0,1,,,,,,,,,No habitat,0,0,2012,145,,,,0,JFM
SAN-WESTEND1-513,SAN,WESTEND1,513,1,0,0,0,0,0,0,1,0,2,2,0,6.5,Poor,0,0,2012,131,0828,60,2,0,JFM
SAN-VASS1-558,SAN,VASS1,558,1,0,0,0,0,0,0,2,0,2,2,2,11,Fair,0,0,2012,145,0928,72,3,0,JFM
SAN-WESTEND2-515,SAN,WESTEND2,515,1,0,0,0,0,1,0,2,0,2,2,2,12,Good,0,0,2012,131,0850,63,0,0,JFM
SAN-WHITEHILL1-546,SAN,WHITEHILL1,546,0,0,0,0,0,1,2,1,0,1,2,2,11.5,Fair,0,0,2012,145,0904,65,0,0,JFM
SAN-RAEFORD2-208,SAN,RAEFORD2,208,0,1,,0,1,,,,,,,,,No habitat,0,0,2012,149,,,,0,JFM
SAN-VASS1-509,SAN,VASS1,509,0,1,,0,1,0,0,0,0,2,1,1,4,No habitat,0,0,2012,145,,,,0,JFM
SAN-WESTEND1-514,SAN,WESTEND1,514,1,0,0,0,0,1,0,0,0,1,1,1,4,Poor,0,0,2012,131,0837,60,1,0,JFM
SAN-NORMAN2-523,SAN,NORMAN2,523,0,0,0,0,0,2,0,1,0,2,2,0,8.5,Fair,0,0,2012,141,0823,68,0,0,JFM
SAN-HOFFMAN4-519,SAN,HOFFMAN4,519,0,1,,0,1,1,0,0,0,2,0,2,5,Poor,0,0,2012,141,,,,0,JFM
SAN-HOFFMAN4-521,SAN,HOFFMAN4,521,0,0,0,0,0,1,2,1,0,1,1,2,10.5,Fair,0,0,2012,141,0932,72,0,0,JFM
SAN-WESTEND3-511,SAN,WESTEND3,511,0,0,0,0,0,0,0,2,0,2,1,2,10,Fair,0,0,2012,131,0759,58,3,0,JFM
SAN-WHITEHILL1-550,SAN,WHITEHILL1,550,0,0,0,0,0,2,0,0,0,1,2,1,6,Poor,0,0,2012,145,0800,65,0,0,JFM
SAN-ZIONGROVE3-20704,SAN,ZIONGROVE3,20704,1,0,0,0,0,0,0,1,0,2,2,2,8.5,Poor,0,0,2013,110,0817,45,3,0,JFM
SAN-WESTEND3-684,SAN,WESTEND3,684,0,1,,0,1,0,0,0,0,0,2,1,3,No habitat,0,0,2013,105,,,,0,JFM
SAN-WESTEND4-503,SAN,WESTEND4,503,1,0,0,0,0,1,1,2,0,2,2,2,13.5,Good,0,0,2013,104,0758,62,2,0,JFM
SAN-WESTEND4-5408,SAN,WESTEND4,5408,0,0,0,0,0,2,1,2,0,2,1,2,13.5,Good,0,0,2013,104,0743,62,2,0,JFM
SAN-WESTEND4-5410,SAN,WESTEND4,5410,0,0,0,0,0,2,2,2,1,2,2,2,17,Excellent,0,0,2013,104,0830,63,1,0,JFM
SAN-WESTEND4-5409,SAN,WESTEND4,5409,0,0,0,0,0,2,2,2,0,2,2,2,16,Good,0,0,2013,104,0816,63,1,0,JFM
SAN-WESTEND4-5411,SAN,WESTEND4,5411,0,0,1,1,0,2,2,2,1,2,2,2,17,Excellent,0,1,2013,104,0914,64,0,0,JFM
SAN-WESTEND4-504,SAN,WESTEND4,504,1,0,0,0,0,1,1,2,0,2,2,2,13.5,Good,0,0,2013,104,0845,64,0,0,JFM
SAN-WHITEHILL1-552,SAN,WHITEHILL1,552,1,0,0,0,0,0,0,0,1,2,1,2,6,Fair,0,0,2012,145,0737,64,0,0,JFM
SAN-WESTEND1-5808,SAN,WESTEND1,5808,0,0,0,0,0,1,2,1,0,2,1,1,10.5,Good,0,0,2013,104,1020,70,1,0,JFM
SAN-VASS1-551,SAN,VASS1,551,1,0,0,0,0,0,0,1,1,1,2,2,8.5,Good,0,0,2012,141,0638,61,2,0,JFM
SAN-NORMAN4-673,SAN,NORMAN4,673,0,0,0,0,0,1,0,1,0,1,2,2,8.5,Good,0,0,2013,105,1002,75,0,0,JFM
SAN-MAXTON1-16303,SAN,MAXTON1,16303,1,0,0,0,0,2,2,2,1,1,2,2,16,Good,0,0,2013,153,0837,73,0,0,JFM
SAN-MAXTON1-16304,SAN,MAXTON1,16304,1,0,0,0,0,2,2,0,2,1,2,2,12,Good,0,0,2013,153,0848,73,0,0,JFM
SAN-SILVERHILL2-20307,SAN,SILVERHILL2,20307,1,0,0,0,0,0,0,2,0,1,1,2,9,Fair,0,0,2013,140,0954,72,1,0,JFM
SAN-PUTNAM2-20705,SAN,PUTNAM2,20705,1,0,0,0,0,0,0,2,0,2,1,2,10,Fair,0,0,2013,119,0933,68,1,0,JFM
SAN-MCCAIN2-566,SAN,MCCAIN2,566,1,0,0,0,0,0,0,1,0,1,1,2,6.5,Fair,0,0,2012,149,0628,,3,0,JFM
SAN-MCCAIN2-565,SAN,MCCAIN2,565,1,0,0,0,0,2,0,0,2,2,2,2,10,Poor,0,0,2012,149,0618,73,3,0,JFM
SAN-RAEFORD2-563,SAN,RAEFORD2,563,0,0,0,0,0,2,0,1,0,1,2,1,8.5,Fair,0,0,2012,149,0657,74,2,0,JFM
SAN-SILVERHILL3-564,SAN,SILVERHILL3,564,1,0,0,0,0,0,0,2,1,2,1,2,11,Good,0,0,2012,149,0825,75,0,0,JFM
SAN-VASS1-508,SAN,VASS1,508,0,0,0,0,0,0,0,0,0,1,1,1,3,Poor,0,0,2012,145,0710,61,2,0,JFM
SAN-ROWLAND1-16701,SAN,ROWLAND1,16701,1,0,0,0,0,2,2,1,1,1,2,2,13.5,Fair,0,0,2013,154,0906,77,1,0,JFM
SAN-HOFFMAN4-517,SAN,HOFFMAN4,517,1,0,1,1,0,2,2,1,0,1,2,1,11.5,Fair,0,1,2012,131,0909,65,0,0,JFM
SAN-SILVERHILL1-560,SAN,SILVERHILL1,560,1,0,3,1,0,2,2,1,0,1,2,2,12.5,Good,2,3,2012,149,0931,79,0,2,JFM
SAN-SILVERHILL1-136,SAN,SILVERHILL1,136,0,0,2,1,0,2,2,2,0,2,2,2,16,Excellent,0,2,2012,149,0905,7,0,0,JFM
SAN-SILVERHILL1-134,SAN,SILVERHILL1,134,0,0,0,0,0,2,2,1,0,2,1,1,11.5,Fair,0,0,2012,149,1035,79,0,0,JFM
SAN-SILVERHILL1-559,SAN,SILVERHILL1,559,1,0,0,0,0,1,2,2,0,1,2,2,14,Good,0,0,2012,149,1055,80,0,0,JFM
SAN-ZIONGROVE3-690,SAN,ZIONGROVE3,690,1,0,0,0,0,2,0,1,0,2,1,2,9.5,Fair,0,0,2013,115,0836,65,0,0,JFM
SAN-ZIONGROVE1-10265,SAN,ZIONGROVE1,10265,1,0,1,1,0,2,2,2,0,2,2,2,16,Excellent,0,1,2013,121,1031,60,1,0,JFM
SAN-SILVERHILL2-20306,SAN,SILVERHILL2,20306,1,0,1,1,0,1,2,1,1,2,1,2,12.5,Good,1,0,2013,140,0935,70,1,0,JFM
SAN-WESTEND4-510,SAN,WESTEND4,510,1,0,0,0,0,0,0,2,0,2,2,2,11,Fair,0,0,2012,131,0746,55,3,0,JFM
SAN-PINEBLUFF4-20304,SAN,PINEBLUFF4,20304,1,0,2,1,0,2,2,2,0,2,2,2,16,Excellent,1,2,2013,140,0842,68,0,1,JFM
SAN-WESTEND2-516,SAN,WESTEND2,516,1,0,0,0,0,1,0,1,0,2,2,2,9.5,Fair,0,0,2012,131,0900,64,,0,JFM
SAN-CANDOR4-686,SAN,CANDOR4,686,0,0,0,0,0,2,2,2,0,2,2,2,16,Good,0,0,2013,105,1058,72,1,0,JFM
SAN-NORMAN4-6609,SAN,NORMAN4,6609,0,0,0,0,0,1,0,1,0,2,2,1,8.5,Good,0,0,2013,105,1036,71,0,0,JFM
SAN-NORMAN4-674,SAN,NORMAN4,674,0,0,0,0,0,1,0,1,0,2,2,2,9.5,Good,0,0,2013,105,1022,70,0,0,JFM
SAN-WESTEND3-683,SAN,WESTEND3,683,0,1,,0,1,0,0,0,0,1,2,0,3,No habitat,0,0,2013,105,,,,0,JFM
SAN-WESTEND3-681,SAN,WESTEND3,681,0,0,0,0,0,1,0,1,0,2,2,2,9.5,Good,0,0,2013,105,0759,62,1,0,JFM
SAN-WESTEND3-6611,SAN,WESTEND3,6611,1,0,0,0,0,1,0,1,0,2,1,1,7.5,Fair,0,0,2013,105,0734,60,3,0,JFM
SAN-NORMAN4-6610,SAN,NORMAN4,6610,1,0,0,0,0,2,0,2,0,2,2,2,13,Good,0,0,2013,105,0941,72,0,0,JFM
SAN-WESTEND3-6612,SAN,WESTEND3,6612,1,0,0,0,0,2,2,2,0,2,2,2,16,Excellent,0,0,2013,105,0855,66,0,0,JFM
SAN-MAXTON1-16305,SAN,MAXTON1,16305,1,0,0,0,0,1,2,0,0,0,2,0,6,Poor,0,0,2013,153,0900,73,1,0,JFM
SAN-ZIONGROVE4-255,SAN,ZIONGROVE4,255,0,1,,0,1,0,0,0,1,1,1,2,5,Poor,0,0,2012,129,,,,0,JFM
SAN-ZIONGROVE4-498,SAN,ZIONGROVE4,498,0,0,0,0,0,1,0,1,0,2,1,2,8.5,Fair,0,0,2012,129,0821,70,1,0,JFM
SAN-LOBELIA1-13474,SAN,LOBELIA1,13474,1,0,0,0,0,2,2,2,0,1,2,2,15,Good,0,0,2013,132,0906,60,1,0,JFM
SAN-LOBELIA1-13477,SAN,LOBELIA1,13477,1,0,0,0,0,2,2,1,0,1,2,2,12.5,Fair,0,0,2013,132,0854,62,0,0,JFM
SAN-LOBELIA1-13475,SAN,LOBELIA1,13475,1,0,0,0,0,2,2,2,0,2,2,2,16,Good,0,0,2013,132,0819,60,1,0,JFM
SAN-WESTEND1-512,SAN,WESTEND1,512,1,0,0,0,0,2,0,2,0,2,2,2,13,Good,0,0,2012,131,0809,58,3,0,JFM
SAN-WESTEND4-495,SAN,WESTEND4,495,0,0,0,0,0,0,0,2,0,2,2,2,11,Fair,0,0,2012,130,0800,64,2,0,JFM
SAN-WESTEND4-172,SAN,WESTEND4,172,0,0,0,0,0,0,0,2,0,2,1,2,10,Good,0,0,2012,129,1034,75,1,0,JFM
SAN-WESTEND2-556,SAN,WESTEND2,556,1,0,0,0,0,1,2,2,0,1,2,2,14,Good,0,0,2013,129,1017,72,2,0,JFM
SAN-WESTEND3-13479,SAN,WESTEND3,13479,1,0,0,0,0,1,2,2,0,1,2,2,14,Good,0,0,2013,129,0849,65,0,0,JFM
SAN-WAGRAM1-13483,SAN,WAGRAM1,13483,1,0,0,0,0,0,0,2,0,2,2,2,11,Fair,0,0,2013,133,0823,55,0,0,JFM
SAN-WESTEND3-175,SAN,WESTEND3,175,0,0,0,0,0,1,2,2,0,2,2,2,15,Excellent,0,0,2013,129,0801,65,1,0,JFM
SAN-WAGRAM1-660,SAN,WAGRAM1,660,1,0,0,0,0,1,2,1,0,2,2,2,12.5,Fair,0,0,2013,133,0835,55,0,0,JFM
SAN-ZIONGROVE4-192,SAN,ZIONGROVE4,192,0,0,0,0,0,2,0,2,0,2,2,1,12,Good,0,0,2012,129,0830,71,1,0,JFM
SAN-WESTEND4-500,SAN,WESTEND4,500,1,0,0,0,0,2,0,2,0,1,1,2,11,Good,0,0,2012,129,0728,68,0,0,JFM
SAN-WESTEND4-176,SAN,WESTEND4,176,0,0,0,0,0,0,0,2,0,2,2,2,11,Good,0,0,2012,128,0652,61,3,0,JFM
SAN-WESTEND4-253,SAN,WESTEND4,253,0,0,0,0,0,0,0,2,1,2,2,2,12,Good,0,0,2012,128,0626,60,0,0,JFM
SAN-MARSTON3-11868,SAN,MARSTON3,11868,0,0,1,1,0,1,2,1,0,2,2,2,12.5,Fair,0,1,2013,122,1000,62,1,0,JFM
SAN-MARSTON4-11866,SAN,MARSTON4,11866,1,0,0,0,0,1,0,1,0,2,2,2,9.5,Fair,0,0,2013,122,0945,62,1,0,JFM
SAN-MARSTON3-11867,SAN,MARSTON3,11867,1,0,0,0,0,1,0,2,0,2,2,2,12,Fair,0,0,2013,122,0930,62,2,0,JFM
SAN-MARSTON3-11865,SAN,MARSTON3,11865,1,0,0,0,0,2,0,2,0,2,2,2,13,Fair,0,0,2013,122,0925,62,1,0,JFM
SAN-ZIONGROVE1-9461,SAN,ZIONGROVE1,9461,0,0,0,0,0,1,2,0,0,1,2,2,9,Fair,0,0,2013,115,0950,72,1,0,JFM
SAN-MARSTON3-388,SAN,MARSTON3,388,0,0,0,0,0,1,2,2,0,2,2,1,14,Good,0,0,2013,122,1020,62,1,0,JFM
SAN-WESTEND3-13481,SAN,WESTEND3,13481,1,0,0,0,0,2,2,2,0,2,2,2,16,Good,0,0,2013,129,0835,70,0,0,JFM
SAN-HOFFMAN4-14293,SAN,HOFFMAN4,14293,1,0,1,1,0,2,1,2,0,2,2,2,14.5,Good,0,1,2013,136,0926,73,0,0,JFM
SAN-ZIONGROVE4-188,SAN,ZIONGROVE4,188,0,0,0,0,0,2,0,2,0,0,2,2,11,Fair,0,0,2012,129,0807,69,1,0,JFM
SAN-WESTEND1-557,SAN,WESTEND1,557,1,0,0,0,0,0,0,2,0,1,1,1,8,Fair,0,0,2012,141,0630,60,2,0,JFM
SAN-WESTEND2-555,SAN,WESTEND2,555,1,0,0,0,0,2,0,1,1,1,1,2,9.5,Fair,0,0,2012,141,0554,60,1,0,JFM
SAN-WESTEND4-174,SAN,WESTEND4,174,0,0,0,0,0,2,0,2,0,2,1,1,11,Fair,0,0,2012,128,0812,61,0,0,JFM
SAN-ROWLAND1-267,SAN,ROWLAND1,267,0,0,0,0,0,2,2,0,0,0,2,2,9,Fair,0,0,2013,154,0930,78,1,0,JFM
SAN-ROWLAND1-268,SAN,ROWLAND1,268,0,0,0,0,0,2,2,0,2,1,2,2,12,Fair,0,0,2013,154,0851,76,1,0,JFM
SAN-ROWLAND1-265,SAN,ROWLAND1,265,1,0,0,0,0,2,2,0,0,0,2,2,9,Poor,0,0,2013,154,0841,74,1,0,JFM
SAN-SILVERHILL2-585,SAN,SILVERHILL2,585,0,0,0,0,0,1,0,1,0,2,2,1,8.5,Fair,0,0,2013,140,1021,75,1,0,JFM
SAN-SILVERHILL2-586,SAN,SILVERHILL2,586,0,0,0,0,0,1,2,2,0,1,2,2,14,Good,0,0,2013,140,0920,68,1,0,JFM
SAN-NIAGRA1-13478,SAN,NIAGRA1,13478,1,0,0,0,0,2,0,2,0,2,1,2,12,Fair,0,0,2013,132,0950,66,1,0,JFM
SAN-HOFFMAN4-14290,SAN,HOFFMAN4,14290,1,0,1,1,0,2,2,2,1,2,2,2,17,Excellent,0,1,2013,136,0937,74,1,0,JFM
SAN-WESTEND3-494,SAN,WESTEND3,494,0,0,0,0,0,1,0,1,0,0,1,0,4.5,Poor,0,0,2012,130,0815,60,1,0,JFM
SAN-HOFFMAN4-14294,SAN,HOFFMAN4,14294,1,0,0,0,0,2,2,1,0,2,2,1,12.5,Fair,0,0,2013,136,0915,71,0,0,JFM
SAN-WESTEND2-14289,SAN,WESTEND2,14289,1,0,0,0,0,2,2,1,0,2,1,2,12.5,Fair,0,0,2013,136,1032,76,1,0,JFM
SAN-HOFFMAN4-14288,SAN,HOFFMAN4,14288,1,0,0,0,0,2,0,1,0,2,2,1,9.5,Fair,0,0,2013,136,1019,75,1,0,JFM
SAN-HOFFMAN4-657,SAN,HOFFMAN4,657,0,0,1,1,0,1,2,2,0,2,2,1,14,Good,1,1,2013,136,0857,70,0,1,JFM
SAN-PINEBLUFF1-663,SAN,PINEBLUFF1,663,0,0,0,0,0,0,0,1,0,2,2,2,8.5,Poor,0,0,2013,136,0802,69,0,0,JFM
SAN-PINEBLUFF1-664,SAN,PINEBLUFF1,664,0,0,0,0,0,0,0,0,2,2,2,0,6,Poor,0,0,2013,136,0740,65,0,0,JFM
SAN-PINEBLUFF4-13487,SAN,PINEBLUFF4,13487,1,0,0,0,0,2,2,2,0,2,2,2,16,Good,0,0,2013,133,1136,65,3,0,JFM
SAN-PINEBLUFF4-13486,SAN,PINEBLUFF4,13486,1,0,0,0,0,2,2,2,0,2,2,2,16,Good,0,0,2013,133,1124,64,2,0,JFM
SAN-WAGRAM1-13485,SAN,WAGRAM1,13485,1,0,0,0,0,1,2,2,0,2,1,2,14,Good,0,0,2013,133,1040,62,1,0,JFM
SAN-WAGRAM1-13484,SAN,WAGRAM1,13484,1,0,0,0,0,0,0,2,0,2,2,2,11,Fair,0,0,2013,133,0846,58,1,0,JFM
SAN-HOFFMAN4-14292,SAN,HOFFMAN4,14292,1,0,0,0,0,2,0,1,0,2,1,2,9.5,Fair,0,0,2013,136,1002,76,0,0,JFM
SAN-WESTEND4-507,SAN,WESTEND4,507,1,0,0,0,0,1,0,1,0,1,1,2,7.5,Poor,0,0,2012,128,0605,60,0,0,JFM
SAN-WESTEND4-169,SAN,WESTEND4,169,0,0,0,0,0,0,0,2,0,2,1,2,10,Fair,0,0,2012,114,0702,37,2,0,JFM
SAN-SILVERHILL1-11864,SAN,SILVERHILL1,11864,1,0,0,0,0,2,0,2,0,2,2,2,13,Fair,0,0,2013,122,0640,55,1,0,JFM
SAN-MARSTON2-13469,SAN,MARSTON2,13469,0,0,0,0,0,2,0,1,0,2,1,2,9.5,Poor,0,0,2013,111,0635,41,1,0,JFM
SAN-GIBSON2-119,SAN,GIBSON2,119,0,0,0,0,0,2,2,2,0,2,2,2,16,Excellent,0,0,2013,111,0752,45,0,0,JFM
SAN-GIBSON2-118,SAN,GIBSON2,118,0,0,0,0,0,2,2,2,0,2,2,2,16,Excellent,0,0,2013,111,0732,42,0,0,JFM
SAN-MARSTON2-13468,SAN,MARSTON2,13468,0,0,0,0,0,2,2,2,0,2,2,2,16,Excellent,0,0,2013,110,0618,42,1,0,JFM
SAN-CARTHAGE4-9473,SAN,CARTHAGE4,9473,0,1,,0,1,0,0,0,0,2,2,0,4,No habitat,0,0,2013,119,,,,0,JFM
SAN-SOUTHERNPINES1-185,SAN,SOUTHERNPINES1,185,0,1,,0,1,0,0,0,0,1,1,0,2,No habitat,0,0,2013,119,,,,0,JFM
SAN-SPIES3-3407,SAN,SPIES3,3407,0,1,,0,1,1,0,0,0,2,0,2,5,No habitat,0,0,2013,108,,,,0,JFM
SAN-ZIONGROVE1-695,SAN,ZIONGROVE1,695,0,0,2,1,0,2,2,2,1,2,2,2,17,Excellent,0,2,2013,121,0857,57,2,0,JFM
SAN-SPIES3-3406,SAN,SPIES3,3406,0,0,0,0,0,0,0,0,0,1,2,1,4,Poor,0,0,2013,110,0837,47,0,0,JFM
SAN-GISBSON2-2999,SAN,GISBSON2,2999,0,0,1,1,0,2,2,1,0,2,2,2,13.5,Excellent,0,1,2013,111,0714,42,0,0,JFM
SAN-PINEBLUFF3-11863,SAN,PINEBLUFF3,11863,1,0,0,0,0,1,2,2,0,2,1,2,14,Good,0,0,2013,122,0621,55,3,0,JFM
SAN-NORMAN4-8217,SAN,NORMAN4,8217,0,0,0,0,0,1,2,1,0,2,2,2,12.5,Good,0,0,2013,107,0827,68,0,0,JFM
SAN-NORMAN4-8218,SAN,NORMAN4,8218,0,0,0,0,0,2,2,1,0,2,2,2,13.5,Good,0,0,2013,107,0805,65,0,0,JFM
SAN-NORMAN1-3402,SAN,NORMAN1,3402,0,0,0,0,0,1,0,1,0,2,2,2,9.5,Fair,0,0,2013,107,0908,72,0,0,JFM
SAN-NORMAN2-3401,SAN,NORMAN2,3401,0,0,0,0,0,1,0,0,0,2,2,2,7,Poor,0,0,2013,107,0750,65,1,0,JFM
SAN-HOFFMAN1-522,SAN,HOFFMAN1,522,0,0,0,0,0,1,2,1,0,2,1,1,10.5,Fair,0,0,2012,141,0750,66,0,0,JFM
SAN-HOFFMAN1-524,SAN,HOFFMAN1,524,0,0,0,0,0,1,2,1,0,2,1,1,10.5,Fair,0,0,2012,141,0806,66,0,0,JFM
SAN-WESTEND4-168,SAN,WESTEND4,168,0,0,0,0,0,1,0,2,0,2,1,2,11,Good,0,0,2012,127,0705,60,0,0,JFM
SAN-WESTEND4-181,SAN,WESTEND4,181,0,0,0,0,0,0,0,2,1,2,1,2,11,Fair,0,0,2012,124,0758,67,2,0,JFM
SAN-WESTEND4-173,SAN,WESTEND4,173,0,0,0,0,0,0,2,1,0,2,2,2,11.5,Fair,0,0,2012,128,0840,62,0,0,JFM
SAN-CANDOR3-8214,SAN,CANDOR3,8214,0,0,0,0,0,1,0,1,0,2,2,2,9.5,Fair,0,0,2013,110,0849,48,2,0,JFM
SAN-ZIONGROVE1-697,SAN,ZIONGROVE1,697,0,1,,0,1,0,2,0,0,0,2,0,5,No habitat,0,0,2013,115,,,,0,JFM
SAN-ZIONGROVE1-10261,SAN,ZIONGROVE1,10261,1,0,0,0,0,2,2,2,1,2,2,2,17,Excellent,0,0,2013,121,0845,58,2,0,JFM
SAN-ZIONGROVE1-693,SAN,ZIONGROVE1,693,1,0,0,0,0,2,2,2,0,2,2,2,16,Excellent,0,0,2013,121,1007,59,1,0,JFM
SAN-ZIONGROVE1-10264,SAN,ZIONGROVE1,10264,0,0,1,1,0,2,2,2,1,2,2,2,17,Excellent,0,1,2013,121,0949,58,1,0,JFM
SAN-ZIONGROVE1-10263,SAN,ZIONGROVE1,10263,1,0,1,1,0,2,2,2,1,2,2,1,16,Excellent,0,1,2013,121,0931,57,2,0,JFM
SAN-ZIONGROVE1-10262,SAN,ZIONGROVE1,10262,1,0,1,1,0,2,2,2,1,2,2,2,17,Excellent,0,1,2013,121,0912,57,2,0,JFM
SAN-ZIONGROVE1-694,SAN,ZIONGROVE1,694,0,0,1,1,0,2,2,2,0,2,2,2,16,Excellent,0,1,2013,121,1049,64,1,0,JFM
SAN-WHITEHILL1-567,SAN,WHITEHILL1,567,0,0,0,0,0,0,0,1,0,2,2,2,8.5,Fair,0,0,2012,145,0823,,,0,JFM
SAN-HOFFMAN4-554,SAN,HOFFMAN4,554,1,0,0,0,0,0,0,2,1,2,2,2,12,Fair,0,0,2012,141,0857,70,0,0,JFM
SAN-GISBSON2-3000,SAN,GISBSON2,3000,0,0,0,0,0,2,2,1,0,1,1,2,11.5,Good,0,0,2013,111,0656,42,0,0,JFM
SAN-ZIONGROVE1-698,SAN,ZIONGROVE1,698,0,1,,0,1,0,2,0,0,0,2,1,6,No habitat,0,0,2013,115,,,,0,JFM
SAN-WESTEND3-251,SAN,WESTEND3,251,0,0,0,0,0,2,1,0,0,0,1,0,4.5,Poor,0,0,2012,124,1000,74,0,0,JFM
SAN-ZIONGROVE1-696,SAN,ZIONGROVE1,696,0,1,,0,1,0,0,0,0,2,2,1,5,No habitat,0,0,2013,115,,,,0,JFM
SAN-ZIONGROVE1-9462,SAN,ZIONGROVE1,9462,0,0,0,0,0,2,0,0,0,1,2,2,7,Poor,0,0,2013,115,1002,66,1,0,JFM
SAN-SILVERHILL2-562,SAN,SILVERHILL2,562,1,0,0,0,0,0,0,1,1,2,1,2,8.5,Fair,0,0,2012,149,0800,75,2,0,JFM
SAN-ZIONGROVE3-9460,SAN,ZIONGROVE3,9460,0,0,0,0,0,2,0,1,0,2,2,1,9.5,Fair,0,0,2013,115,0849,70,1,0,JFM
SAN-ZIONGROVE3-691,SAN,ZIONGROVE3,691,0,0,0,0,0,2,2,0,0,2,2,2,11,Good,0,0,2013,115,0751,48,1,0,JFM
SAN-WHITEHILL1-549,SAN,WHITEHILL1,549,0,0,0,0,0,0,0,1,2,2,2,2,10.5,Fair,0,0,2012,145,0810,66,0,0,JFM
SAN-WESTEND1-18,SAN,WESTEND1,18,0,1,,0,1,2,0,0,0,2,0,2,6,No habitat,0,0,2013,50,,,,0,JFM
SAN-HOFFMAN1-651,SAN,HOFFMAN1,651,0,1,,0,1,0,0,0,0,0,0,0,0,No habitat,0,0,2013,49,,,,0,JFM
SAN-NORMAN2-642,SAN,NORMAN2,642,0,1,,0,1,0,0,0,0,2,1,0,3,No habitat,0,0,2013,49,,,,0,JFM
SAN-NORMAN4-679,SAN,NORMAN4,679,0,1,,0,1,0,0,0,0,2,1,0,3,No habitat,0,0,2013,49,,,,0,JFM
SAN-WHITEHILL1-541,SAN,WHITEHILL1,541,0,0,0,0,0,1,2,1,0,2,2,1,11.5,Fair,0,0,2013,119,0959,68,0,0,JFM
NFL-COKESBURY1-68,NFL,COKESBURY1,68,0,1,,0,1,1,0,0,2,1,2,1,7,No habitat,0,0,2012,115,0945,56,0,0,BEM
NFL-COKESBURY2-62,NFL,COKESBURY2,62,1,0,0,0,1,0,0,0,2,2,2,2,8,No habitat,0,0,2012,115,1013,56,0,0,BEM
NFL-COKESBURY2-63,NFL,COKESBURY2,63,0,0,0,0,1,0,0,1,0,1,1,2,6.5,No habitat,0,0,2012,115,1021,56,0,0,BEM
SCP-HAVELOCK1-956,SCP,HAVELOCK1,956,0,0,0,0,0,2,0,1,0,0,2,1,7.5,Fair,0,0,2013,111,0740,48,2,0,EDG
SCP-HOLLYRIDGE3-19501,SCP,HOLLYRIDGE3,19501,0,0,0,0,0,2,0,2,0,2,2,2,13,Good,0,0,2013,119,0905,64,1,0,EDG
SCP-NEWPORT3-1110,SCP,NEWPORT3,1110,0,0,0,0,0,2,2,1,0,2,1,1,11.5,Good,0,0,2013,108,0818,67,2,0,EDG
SCP-CATFISHLAKE2-958,SCP,CATFISHLAKE2,958,0,0,1,1,0,2,2,2,0,0,2,2,14,Excellent,0,1,2013,108,1051,70,0,0,EDG
SCP-CATFISHLAKE2-957,SCP,CATFISHLAKE2,957,0,0,0,0,0,0,0,2,0,2,1,2,10,Fair,0,0,2013,108,1037,70,1,0,EDG
SCP-NEWBERN1-1101,SCP,NEWBERN1,1101,0,0,0,0,0,2,0,2,0,2,1,2,12,Good,0,0,2013,111,0628,45,0,0,EDG
SCP-TOPSAIL4-11463,SCP,TOPSAIL4,11463,1,0,0,0,0,2,0,2,0,1,2,2,12,Good,0,0,2013,107,0746,59,0,0,EDG
SCP-NEWBERN4-1100,SCP,NEWBERN4,1100,0,0,0,0,0,2,2,2,0,1,2,2,15,Excellent,0,0,2013,111,0704,45,0,0,EDG
SCP-TOPSAIL4-1065,SCP,TOPSAIL4,1065,0,0,0,0,0,0,0,2,0,2,2,2,11,Good,0,0,2013,107,0800,62,0,0,EDG
SCP-CHERRYPOINT1-956,SCP,CHERRYPOINT1,956,0,0,0,0,0,2,0,1,0,0,2,0,6.5,Fair,0,0,2013,111,0916,58,2,0,EDG
SCP-HADNOTCREEK1-939,SCP,HADNOTCREEK1,939,0,0,1,1,0,2,2,1,0,1,2,2,12.5,Good,1,1,2013,111,0626,50,0,1,EDG
SCP-SCOTTSHILL2-13488,SCP,SCOTTSHILL2,13488,1,0,0,0,0,2,0,1,0,2,0,2,8.5,Good,0,0,2013,132,0651,60,1,0,EDG
SCP-SCOTTSHILL2-13489,SCP,SCOTTSHILL2,13489,1,0,0,0,0,2,0,1,0,1,2,2,9.5,Fair,0,0,2013,132,0732,60,1,0,EDG
SCP-KELLY4-813,SCP,KELLY4,813,0,0,0,0,0,2,0,1,0,2,0,2,8.5,Fair,0,0,2013,135,0830,65,1,0,EDG
SCP-KELLY4-816,SCP,KELLY4,816,0,0,0,0,0,1,0,0,0,1,0,2,4,Fair,0,0,2013,135,0906,65,0,0,EDG
SCP-NEWBERN4-12665,SCP,NEWBERN4,12665,1,0,0,0,0,2,2,2,0,2,2,2,16,Excellent,0,0,2013,111,0715,44,0,0,EDG
SCP-ATKINSON3-972,SCP,ATKINSON3,972,0,0,0,0,0,2,0,1,0,2,0,2,8.5,Fair,0,0,2013,122,0752,60,0,0,EDG
SCP-HUBERT1-13494,SCP,HUBERT1,13494,1,0,0,0,0,2,0,2,0,2,2,1,12,Fair,0,0,2013,133,,,,0,EDG
SCP-NEWBERN1-1103,SCP,NEWBERN1,1103,0,0,0,0,0,2,1,1,0,0,2,2,10,Fair,0,0,2013,111,0644,45,0,0,EDG
SCP-ATKINSON3-13069,SCP,ATKINSON3,13069,1,0,0,0,0,2,0,1,0,2,1,2,9.5,Good,0,0,2013,122,0940,63,0,0,EDG
SCP-HADNOTCREEK1-946,SCP,HADNOTCREEK1,946,0,0,2,1,0,2,2,2,0,2,2,2,16,Excellent,2,2,2013,112,0947,54,0,2,EDG
SCP-HADNOTCREEK1-942,SCP,HADNOTCREEK1,942,0,0,2,1,0,2,2,2,0,2,1,2,15,Excellent,2,2,2013,112,0807,52,0,2,EDG
SCP-SCOTTSHILL2-12663,SCP,SCOTTSHILL2,12663,1,0,0,0,0,2,0,0,0,0,2,1,5,Poor,0,0,2013,107,0901,72,1,0,EDG
SCP-ATKINSON3-971,SCP,ATKINSON3,971,0,0,0,0,0,2,0,0,0,2,0,2,6,Fair,0,0,2013,122,0714,60,0,0,EDG
SCP-KELLY3-14688,SCP,KELLY3,14688,1,0,0,0,0,2,0,1,0,2,0,2,8.5,Fair,0,0,2013,134,0936,68,1,0,EDG
SCP-LELAND2-999,SCP,LELAND2,999,0,0,0,0,0,0,0,1,0,2,0,2,6.5,Poor,0,0,2013,150,0942,80,0,0,EDG
SCP-CURRIE4-983,SCP,CURRIE4,983,0,0,0,0,0,2,0,1,0,2,0,1,7.5,Good,0,0,2013,136,0846,72,1,0,EDG
SCP-CURRIE1-1736,SCP,CURRIE1,1736,1,0,0,0,0,,,,,,,,,,0,0,2013,136,0747,68,1,0,EDG
SCP-SALTERPATH4-5008,SCP,SALTERPATH4,5008,0,0,0,0,0,2,2,2,0,2,1,1,14,Good,0,0,2013,129,0821,65,2,0,EDG
SCP-SCOTTSHILL2-11461,SCP,SCOTTSHILL2,11461,1,0,2,1,0,2,2,2,0,2,2,2,16,Excellent,2,2,2013,105,1027,72,1,2,EDG
SCP-MAPLEHILL1-929,SCP,MAPLEHILL1,929,0,0,0,0,0,2,2,2,1,1,1,2,15,Excellent,0,0,2013,106,0832,65,0,0,EDG
SCP-ATKINSON3-968,SCP,ATKINSON3,968,0,0,0,0,0,2,2,1,0,2,0,2,11.5,Good,0,0,2013,122,0728,60,0,0,EDG
SCP-SNEADSFERRY3-937,SCP,SNEADSFERRY3,937,0,0,0,0,0,2,0,0,0,2,0,2,6,Poor,0,0,2013,114,0626,65,1,0,EDG
SCP-SCOTTSHILL2-7813,SCP,SCOTTSHILL2,7813,1,0,1,1,0,2,2,1,0,2,1,2,12.5,Excellent,1,1,2013,105,0813,68,0,1,EDG
SCP-SCOTTSHILL2-12668,SCP,SCOTTSHILL2,12668,1,0,1,1,0,2,2,1,1,2,0,2,12.5,Good,0,1,2013,105,0828,70,0,0,EDG
SCP-ATKINSON3-976,SCP,ATKINSON3,976,0,0,0,0,0,2,0,0,0,1,1,1,5,Poor,0,0,2013,122,0650,58,0,0,EDG
SCP-ATKINSON3-13070,SCP,ATKINSON3,13070,1,0,0,0,0,2,2,0,2,2,1,2,12,Fair,0,0,2013,122,0702,60,0,0,EDG
SCP-ATKINSON3-967,SCP,ATKINSON3,967,0,0,0,0,0,2,2,2,0,2,2,2,16,Excellent,0,0,2013,122,0620,56,0,0,EDG
SCP-KELLY3-810,SCP,KELLY3,810,0,0,0,0,0,2,0,0,0,2,0,2,6,Fair,0,0,2013,135,0712,63,1,0,EDG
SCP-CURRIE1-12669,SCP,CURRIE1,12669,1,0,0,0,0,1,0,0,0,2,0,2,5,Poor,0,0,2013,115,0834,65,2,0,EDG
SCP-MOORETOWN4-13072,SCP,MOORETOWN4,13072,1,0,0,0,0,2,0,1,0,2,2,2,10.5,Fair,0,0,2013,104,1010,70,0,0,EDG
SCP-HADNOTCREEK1-944,SCP,HADNOTCREEK1,944,0,0,2,1,1,2,2,0,0,2,0,2,9,No habitat,2,2,2013,112,0734,50,1,2,EDG
SCP-HADNOTCREEK1-943,SCP,HADNOTCREEK1,943,0,0,0,0,1,2,2,0,0,2,0,2,9,No habitat,0,0,2013,112,0748,52,0,0,EDG
SCP-HADNOTCREEK3-1108,SCP,HADNOTCREEK3,1108,0,0,2,1,0,2,2,1,0,2,2,2,13.5,Excellent,2,1,2013,112,0641,50,1,1,EDG
SCP-HADNOTCREEK1-941,SCP,HADNOTCREEK1,941,0,0,2,1,0,2,2,2,1,2,2,2,17,Excellent,1,2,2013,112,0704,50,1,1,EDG
SCP-POLLOCKSVILLE2-1105,SCP,POLLOCKSVILLE2,1105,0,0,0,0,0,2,2,1,0,1,2,2,12.5,Excellent,0,0,2013,111,1044,60,2,0,EDG
SCP-SCOTTSHILL2-1083,SCP,SCOTTSHILL2,1083,0,0,0,0,0,2,0,0,0,0,2,1,5,Poor,0,0,2013,132,0746,60,1,0,EDG
SCP-ATKINSON3-970,SCP,ATKINSON3,970,0,0,0,0,0,2,0,1,0,2,0,2,8.5,Fair,0,0,2013,122,0637,58,0,0,EDG
SCP-MAPLEHILLSW2-13079,SCP,MAPLEHILLSW2,13079,1,0,0,0,0,0,0,2,1,2,2,2,12,Good,0,0,2013,119,0616,60,1,0,EDG
SCP-MAPLEHILL1-928,SCP,MAPLEHILL1,928,0,0,0,0,0,1,0,2,0,2,1,2,11,Good,0,0,2013,106,0816,64,2,0,EDG
SCP-ROWAN3-809,SCP,ROWAN3,809,0,0,0,0,1,1,0,0,0,2,0,2,5,No habitat,0,0,2013,135,0650,63,1,0,EDG
SCP-KELLY3-14689,SCP,KELLY3,14689,1,0,0,0,0,2,0,0,0,2,0,2,6,Poor,0,0,2013,134,0910,68,0,0,EDG
SCP-KELLY3-811,SCP,KELLY3,811,0,0,0,0,0,2,0,0,0,2,0,2,6,Poor,0,0,2013,134,0924,68,1,0,EDG
SCP-TOPSAIL2-934,SCP,TOPSAIL2,934,0,0,2,1,0,2,2,2,0,2,2,2,16,Excellent,2,1,2013,100,0816,66,0,1,EDG
SCP-HOLLYRIDGE3-1070,SCP,HOLLYRIDGE3,1070,0,0,2,1,0,2,0,2,0,2,2,2,13,Good,2,1,2013,100,0926,71,1,1,EDG
SCP-SCOTTSHILL2-12667,SCP,SCOTTSHILL2,12667,1,0,1,1,0,2,2,1,0,0,0,2,9.5,Good,1,0,2013,105,0745,66,0,0,EDG
SCP-MAPLEHILLSW2-13078,SCP,MAPLEHILLSW2,13078,1,0,0,0,0,2,2,2,0,2,2,2,16,Excellent,0,0,2013,119,0719,62,0,0,EDG
SCP-MOORETOWN4-1075,SCP,MOORETOWN4,1075,1,0,0,0,0,2,2,0,0,1,0,2,8,Poor,0,0,2013,104,1025,70,0,0,EDG
SCP-SWANSBORO2-1118,SCP,SWANSBORO2,1118,0,0,1,1,0,2,2,2,0,2,1,2,15,Excellent,1,1,2013,120,0608,58,0,1,EDG
SCP-MAPLEHILLSW2-13081,SCP,MAPLEHILLSW2,13081,1,0,0,0,0,2,2,2,0,2,2,2,16,Excellent,0,0,2013,119,0745,62,0,0,EDG
SCP-STAGPARK2-1049,SCP,STAGPARK2,1049,0,0,1,1,0,,2,,,,,,,,1,0,2013,104,0850,68,0,0,EDG
SCP-STAGPARK4-1050,SCP,STAGPARK4,1050,0,0,0,0,0,2,0,0,0,2,1,0,5,Poor,0,0,2013,104,0912,69,1,0,EDG
SCP-MOORETOWN4-13073,SCP,MOORETOWN4,13073,1,0,0,0,0,2,0,1,0,2,1,2,9.5,Good,0,0,2013,104,0948,72,0,0,EDG
SCP-KELLY4-814,SCP,KELLY4,814,0,0,0,0,0,1,0,0,0,1,0,2,4,Poor,0,0,2013,135,0813,65,1,0,EDG
SCP-MAPLEHILLSW2-13074,SCP,MAPLEHILLSW2,13074,1,0,0,0,0,2,2,2,0,1,2,2,15,Excellent,0,0,2013,119,0652,60,0,0,EDG
SCP-HOLLYRIDGE3-1069,SCP,HOLLYRIDGE3,1069,0,0,0,0,0,2,0,2,0,2,2,2,13,Good,0,0,2013,107,0656,56,2,0,EDG
SAN-SILVERHILL2-587,SAN,SILVERHILL2,587,0,1,,0,1,0,0,0,0,2,2,0,4,No habitat,0,0,2013,107,,,,0,MAN
SAN-HOFFMAN2-603,SAN,HOFFMAN2,603,0,1,,0,1,0,0,0,0,2,1,1,4,Poor,0,0,2013,108,,,,0,MAN
SAN-MANCHESTER3-741,SAN,MANCHESTER3,741,0,0,0,0,0,2,0,0,1,2,2,2,9,Fair,0,0,2013,115,0949,58,2,0,MAN
SAN-PINELUFF4-715,SAN,PINELUFF4,715,0,1,,0,1,0,0,0,0,1,1,0,2,No habitat,0,0,2013,111,,,,0,MAN
SAN-ELLERBE4-631,SAN,ELLERBE4,631,0,1,,0,1,1,0,0,0,1,2,1,5,No habitat,0,0,2013,111,,,,0,MAN
SAN-ELLERBE2-9421,SAN,ELLERBE2,9421,0,0,0,0,0,2,0,0,0,2,2,2,8,Fair,0,0,2013,111,0818,40,1,0,MAN
SAN-SILVERHILL4-589,SAN,SILVERHILL4,589,0,1,,0,1,0,0,0,0,0,2,0,2,No habitat,0,0,2013,107,,,,0,MAN
SAN-MARSTON1-579,SAN,MARSTON1,579,0,0,0,0,0,2,1,1,0,2,2,2,12,Excellent,0,0,2013,108,0741,54,2,0,MAN
SAN-WESTEND1-28,SAN,WESTEND1,28,0,1,,0,1,0,0,0,0,2,1,2,5,No habitat,0,0,2013,108,,,,0,MAN
SAN-MARSTON4-597,SAN,MARSTON4,597,0,0,1,1,0,2,2,1,0,2,2,2,13.5,Excellent,0,1,2013,106,1026,67,2,0,MAN
SAN-HOFFMAN2-601,SAN,HOFFMAN2,601,0,1,,0,1,0,0,0,0,2,1,0,3,No habitat,0,0,2013,108,,,,0,MAN
SAN-MARSTON1-605,SAN,MARSTON1,605,0,1,,0,1,1,1,0,0,1,2,2,7.5,Poor,0,0,2013,113,,,,0,MAN
SAN-HOFFMAN1-650,SAN,HOFFMAN1,650,0,1,,0,1,0,0,0,0,1,1,1,3,No habitat,0,0,2013,108,,,,0,MAN
SAN-WAGRAM3-250,SAN,WAGRAM3,250,0,1,,0,1,0,0,0,0,1,2,2,5,No habitat,0,0,2013,107,,,,0,MAN
SAN-SILVERHILL4-1062,SAN,SILVERHILL4,1062,0,1,,0,1,0,0,0,0,2,0,2,4,No habitat,0,0,2013,107,,,,0,MAN
SAN-SILVERHILL2-584,SAN,SILVERHILL2,584,0,0,2,1,0,2,1,2,0,2,2,2,14.5,Excellent,1,2,2013,107,0807,55,2,1,MAN
SAN-MARSTON4-596,SAN,MARSTON4,596,0,0,0,0,0,1,0,1,0,2,2,2,9.5,Good,0,0,2013,106,0947,67,1,0,MAN
SAN-MARSTON2-608,SAN,MARSTON2,608,0,0,0,0,0,1,0,1,0,2,2,2,9.5,Good,0,0,2013,106,0920,64,1,0,MAN
SAN-SILVERHILL3-581,SAN,SILVERHILL3,581,0,0,0,0,0,2,2,1,0,2,2,2,13.5,Excellent,0,0,2013,106,0851,62,1,0,MAN
SAN-MARSTON4-766,SAN,MARSTON4,766,0,0,2,1,0,2,2,2,0,2,2,2,16,Excellent,1,2,2013,106,0817,60,1,1,MAN
SAN-WESTEND2-706,SAN,WESTEND2,706,0,1,,0,1,0,0,0,0,2,0,2,4,No habitat,0,0,2013,108,,,,0,MAN
SAN-MANCHESTER4-1785,SAN,MANCHESTER4,1785,0,0,0,0,0,2,0,1,0,2,2,2,10.5,Good,0,0,2013,115,0757,56,1,0,MAN
SAN-WESTEND2-769,SAN,WESTEND2,769,0,0,0,0,0,1,0,0,0,2,1,2,6,Poor,0,0,2013,129,1055,78,1,0,MAN
SAN-WESTEND1-21,SAN,WESTEND1,21,0,0,1,1,0,2,2,2,0,2,2,2,16,Excellent,1,1,2013,129,0750,57,1,1,MAN
SAN-MARSTON2-9464,SAN,MARSTON2,9464,0,0,0,0,0,2,0,2,0,2,2,2,13,Good,0,0,2013,126,0827,54,2,0,MAN
SAN-GIBSON2-13470,SAN,GIBSON2,13470,1,0,0,0,0,1,0,2,0,2,2,2,12,Good,0,0,2013,126,0909,55,2,0,MAN
SAN-CANDOR4-8215,SAN,CANDOR4,8215,0,0,0,0,0,1,0,1,0,2,2,2,9.5,Fair,0,0,2013,125,0707,59,1,0,MAN
SAN-ELIZABETHNORTH2-775,SAN,ELIZABETHNORTH2,775,0,0,0,0,0,1,2,0,2,2,1,2,11,Fair,0,0,2013,121,1042,63,1,0,MAN
SAN-HOFFMAN2-3404,SAN,HOFFMAN2,3404,0,0,1,1,0,2,2,2,0,2,2,2,16,Excellent,0,1,2013,119,0716,63,1,0,MAN
SAN-MANCHESTER2-746,SAN,MANCHESTER2,746,0,0,0,0,0,1,0,1,0,2,2,2,9.5,Fair,0,0,2013,115,0717,55,1,0,MAN
SAN-MARSTON2-580,SAN,MARSTON2,580,0,1,0,0,1,1,0,0,0,2,2,1,6,No habitat,0,0,2013,106,,,,0,MAN
SAN-MANCHESTER4-749,SAN,MANCHESTER4,749,0,0,1,1,0,2,0,1,0,2,2,2,10.5,Good,0,1,2013,115,0818,56,1,0,MAN
SAN-MARSTON4-595,SAN,MARSTON4,595,0,0,1,1,0,2,2,2,0,2,2,2,16,Excellent,0,1,2013,106,0752,59,1,0,MAN
SAN-MILLSTONELAKE4-635,SAN,MILLSTONELAKE4,635,0,0,0,0,0,1,2,2,0,2,2,2,15,Excellent,0,0,2013,100,0957,62,0,0,MAN
SAN-HOFFMAN2-600,SAN,HOFFMAN2,600,0,0,0,0,0,0,0,1,0,2,2,2,8.5,Fair,0,0,2013,113,1029,62,1,0,MAN
SAN-MARSTON1-575,SAN,MARSTON1,575,0,0,2,1,0,2,2,2,0,2,2,2,16,Excellent,0,2,2013,113,0721,50,1,0,MAN
SAN-MARSTON1-606,SAN,MARSTON1,606,0,0,1,1,0,2,2,1,0,2,1,2,12.5,Excellent,0,1,2013,113,0615,50,1,0,MAN
SAN-GIBSON1-570,SAN,GIBSON1,570,0,0,0,0,0,2,2,1,0,2,2,2,13.5,Excellent,0,0,2013,113,0910,59,1,0,MAN
SAN-HAMLET2-578,SAN,HAMLET2,578,0,0,0,0,0,2,2,1,0,2,2,2,13.5,Good,0,0,2013,113,0743,52,3,0,MAN
SAN-HOFFMAN2-3403,SAN,HOFFMAN2,3403,0,0,0,0,0,1,0,1,0,2,2,2,9.5,Good,0,0,2013,113,1015,62,1,0,MAN
SAN-MARSTON3-594,SAN,MARSTON3,594,0,0,0,0,0,1,0,0,0,2,1,2,6,Fair,0,0,2013,108,0724,54,3,0,MAN
SAN-SLOCOMB1-751,SAN,SLOCOMB1,751,0,0,0,0,0,2,2,1,0,2,2,2,13.5,Good,0,0,2013,115,0625,55,3,0,MAN
SAN-HOFFMAN1-649,SAN,HOFFMAN1,649,0,1,,0,1,1,2,0,0,2,2,1,9,Poor,0,0,2013,105,,,,0,MAN
SAN-MILLSTONELAKE2-622,SAN,MILLSTONELAKE2,622,0,0,0,0,0,2,2,2,0,2,2,2,16,Excellent,0,0,2013,104,1025,64,1,0,MAN
SAN-MILLSTONELAKE2-620,SAN,MILLSTONELAKE2,620,0,0,0,0,0,2,2,2,0,2,2,2,16,Excellent,0,0,2013,104,1003,65,1,0,MAN
SAN-MILLSTONELAKE2-627,SAN,MILLSTONELAKE2,627,0,0,0,0,0,1,2,2,0,2,2,2,15,Excellent,0,0,2013,104,0854,62,1,0,MAN
SAN-MILLSTONELAKE2-628,SAN,MILLSTONELAKE2,628,0,0,1,1,0,2,2,2,0,2,2,2,16,Excellent,1,1,2013,104,0834,62,1,1,MAN
SAN-WESTEND3-680,SAN,WESTEND3,680,0,1,,0,1,0,0,0,0,1,2,0,3,Poor,0,0,2013,105,,,,0,MAN
SAN-WESTEND2-768,SAN,WESTEND2,768,0,1,,0,1,0,2,0,0,2,2,2,9,Fair,0,0,2013,105,,,,0,MAN
SAN-HOFFMAN4-653,SAN,HOFFMAN4,653,0,0,0,0,1,1,2,0,0,2,1,2,9,No habitat,0,0,2013,105,,,,0,MAN
SAN-HOFFMAN3-592,SAN,HOFFMAN3,592,0,0,1,1,0,1,2,1,0,2,2,2,12.5,Good,1,1,2013,104,0914,62,1,1,MAN
SAN-MARSTON4-590,SAN,MARSTON4,590,0,0,0,0,0,1,0,2,0,2,2,1,11,Excellent,0,0,2013,106,1004,64,0,0,MAN
SAN-HOFFMAN4-652,SAN,HOFFMAN4,652,0,1,,0,1,1,2,0,0,2,1,2,9,No habitat,0,0,2013,105,,,,0,MAN
SAN-MILLSTONELAKE3-613,SAN,MILLSTONELAKE3,613,0,0,2,1,0,2,2,2,0,2,2,2,16,Excellent,0,2,2013,111,0643,40,1,0,MAN
SAN-HOFFMAN3-647,SAN,HOFFMAN3,647,0,0,0,0,1,0,0,0,0,2,2,0,4,No habitat,0,0,2013,101,,,,0,MAN
SAN-HOFFMAN3-645,SAN,HOFFMAN3,645,0,0,0,0,1,2,2,0,0,2,0,2,9,No habitat,0,0,2013,101,,,,0,MAN
SAN-MILLSTONELAKE4-637,SAN,MILLSTONELAKE4,637,0,1,,0,1,0,1,0,0,2,2,1,6.5,Poor,0,0,2013,100,,,,0,MAN
SAN-MILLSTONELAKE4-636,SAN,MILLSTONELAKE4,636,0,1,,0,1,1,2,0,0,2,1,1,8,Poor,0,0,2013,100,,,,0,MAN
SAN-MILLSTONELAKE1-633,SAN,MILLSTONELAKE1,633,0,1,,0,1,2,2,0,0,2,0,2,9,No habitat,0,0,2013,100,,,,0,MAN
SAN-MILLSTONELAKE4-8219,SAN,MILLSTONELAKE4,8219,0,0,2,1,0,2,2,2,0,2,2,2,16,Excellent,2,2,2013,100,0955,70,0,2,MAN
SAN-MANCHESTER4-20706,SAN,MANCHESTER4,20706,1,0,0,0,0,2,0,1,0,2,0,2,8.5,Poor,0,0,2013,115,0848,56,1,0,MAN
SAN-HOFFMAN4-767,SAN,HOFFMAN4,767,0,1,,0,1,0,2,0,0,1,1,0,5,No habitat,0,0,2013,105,,,,0,MAN
SAN-HOFFMAN2-3405,SAN,HOFFMAN2,3405,0,0,0,0,0,1,2,1,1,2,2,1,12.5,Good,0,0,2013,105,1010,66,1,0,MAN
SAN-HOFFMAN4-655,SAN,HOFFMAN4,655,0,0,0,0,0,1,0,2,0,2,2,1,11,Good,0,0,2013,105,0900,64,1,0,MAN
SAN-HOFFMAN1-643,SAN,HOFFMAN1,643,0,0,3,1,0,1,2,2,0,2,2,2,15,Excellent,0,3,2013,105,0717,58,2,0,MAN
SAN-SILVERHILL1-583,SAN,SILVERHILL1,583,0,0,0,0,0,2,0,1,0,1,2,2,9.5,Fair,0,0,2013,106,0658,57,,0,MAN
SAN-HOFFMAN3-630,SAN,HOFFMAN3,630,0,0,1,1,0,2,2,1,0,2,2,2,13.5,Excellent,0,1,2013,105,1052,69,1,0,MAN
SAN-MILLSTONELAKE1-634,SAN,MILLSTONELAKE1,634,0,0,1,1,0,2,2,1,0,2,2,1,12.5,Good,1,1,2013,100,0834,65,1,1,MAN
SAN-MILLSTONELAKE2-629,SAN,MILLSTONELAKE2,629,0,0,1,1,0,1,2,2,0,2,2,2,15,Excellent,0,1,2013,104,0756,62,1,0,MAN
SAN-HOFFMAN3-646,SAN,HOFFMAN3,646,0,1,,0,1,0,2,0,0,2,1,0,6,No habitat,0,0,2013,101,,,,0,MAN
SAN-MILLSTONELAKE2-757,SAN,MILLSTONELAKE2,757,0,0,1,1,0,2,2,2,0,2,2,2,16,Excellent,0,1,2013,104,0727,60,1,0,MAN
SAN-MILLSTONELAKE2-621,SAN,MILLSTONELAKE2,621,0,0,1,1,0,2,2,2,0,2,2,2,16,Excellent,0,1,2013,104,0938,64,1,0,MAN
SAN-DUART2-19909,SAN,DUART2,19909,1,0,0,0,0,0,0,0,0,2,0,2,4,Poor,0,0,2013,140,0805,70,0,0,BS
SAN-AMMON3-31,SAN,AMMON3,31,0,0,0,0,0,0,0,1,0,2,2,0,6.5,Poor,0,0,2012,117,0650,60,0,0,BS
SAN-JEROME4-773,SAN,JEROME4,773,0,0,1,1,0,2,2,1,0,2,2,2,13.5,Good,1,1,2013,105,0825,58,0,1,BS
SCP-WHITELAKE3-778,SCP,WHITELAKE3,778,0,0,0,0,0,1,0,1,0,2,1,2,8.5,Fair,0,0,2013,126,0800,60,1,0,BS
SAN-JEROME4-758,SAN,JEROME4,758,0,0,0,0,0,2,2,2,0,2,2,2,16,Excellent,0,0,2013,105,0750,55,0,0,BS
SAN-AMMON1-436,SAN,AMMON1,436,0,0,0,0,0,1,2,0,1,1,2,2,10,Fair,0,0,2013,132,0735,45,0,0,BS
SAN-JEROME1-365,SAN,JEROME1,365,0,0,0,0,0,1,2,0,0,2,1,1,8,Poor,0,0,2013,105,0935,,,0,BS
SAN-JEROME3-19904,SAN,JEROME3,19904,1,0,0,0,0,0,0,0,0,1,0,2,3,Poor,0,0,2013,112,0845,52,0,0,BS
SAN-AMMON1-432,SAN,AMMON1,432,0,0,0,0,0,1,2,1,0,2,1,2,11.5,Fair,0,0,2013,132,0835,50,0,0,BS
SAN-AMMON1-433,SAN,AMMON1,433,0,0,0,0,0,1,2,0,1,2,2,2,11,Fair,0,0,2013,132,0805,50,0,0,BS
SCP-SINGLETARYLAKE1-785,SCP,SINGLETARYLAKE1,785,0,0,0,0,0,2,2,0,0,0,1,2,8,Poor,0,0,2013,120,0816,55,0,0,BS
SAN-AMMON1-54,SAN,AMMON1,54,0,0,0,0,0,0,0,1,0,2,2,1,7.5,Poor,0,0,2012,117,0720,65,0,0,BS
SAN-JEROME4-760,SAN,JEROME4,760,0,0,0,0,0,2,2,0,1,2,2,2,12,Good,0,0,2013,105,0725,55,0,0,BS
SAN-AMMON3-33,SAN,AMMON3,33,0,0,0,0,1,0,1,0,0,0,1,0,2.5,No habitat,0,0,2012,120,0640,60,0,0,BS
SAN-AMMON3-34,SAN,AMMON3,34,0,0,0,0,0,1,1,0,0,0,1,1,4.5,Poor,0,0,2012,120,0700,60,0,0,BS
SAN-AMMON3-35,SAN,AMMON3,35,0,0,0,0,0,0,0,1,0,1,2,2,7.5,Poor,0,0,2012,117,0630,60,2,0,BS
SAN-AMMON3-37,SAN,AMMON3,37,0,0,0,0,0,0,0,0,0,2,0,2,4,Poor,0,0,2012,117,0820,65,0,0,BS
SAN-AMMON3-38,SAN,AMMON3,38,0,0,0,0,0,2,0,1,0,1,0,1,6.5,Poor,0,0,2012,114,0700,40,0,0,BS
SAN-AMMON3-39,SAN,AMMON3,39,0,0,0,0,1,0,0,0,0,1,1,0,2,Poor,0,0,2012,120,0830,65,,0,BS
SAN-AMMON1-434,SAN,AMMON1,434,0,0,0,0,0,0,2,0,0,2,1,2,8,Poor,0,0,2013,132,0820,50,0,0,BS
SAN-JEROME2-18301,SAN,JEROME2,18301,1,0,0,0,0,1,2,1,1,1,2,2,12.5,Good,0,0,2013,120,0955,62,0,0,BS
SAN-JEROME3-758,SAN,JEROME3,758,0,0,0,0,0,0,0,0,0,2,0,0,2,Poor,0,0,2013,112,1030,60,0,0,BS
SAN-JEROME3-1061,SAN,JEROME3,1061,0,1,,0,1,0,0,0,0,2,1,0,3,No habitat,0,0,2013,112,,,,0,BS
SAN-JEROME3-757,SAN,JEROME3,757,0,1,,0,1,0,0,0,0,2,1,0,3,No habitat,0,0,2013,112,,,,0,BS
SAN-JEROME3-756,SAN,JEROME3,756,0,1,,0,1,0,0,0,0,2,1,0,3,No habitat,0,0,2013,112,,,,0,BS
SAN-JEROME2-18303,SAN,JEROME2,18303,1,0,0,0,0,0,2,1,1,1,1,2,10.5,Good,0,0,2013,120,1035,60,0,0,BS
SAN-AMMON3-41,SAN,AMMON3,41,0,0,0,0,0,1,0,0,0,1,1,0,3,Poor,0,0,2012,120,0730,65,0,0,BS
SAN-JEROME3-19908,SAN,JEROME3,19908,1,0,0,0,0,0,2,1,1,2,1,2,11.5,Fair,0,0,2013,140,0735,68,0,0,BS
SAN-DUART2-1056,SAN,DUART2,1056,0,0,0,0,0,0,2,1,0,2,1,2,10.5,Poor,0,0,2013,121,0820,60,1,0,BS
SAN-DUART2-19910,SAN,DUART2,19910,1,0,0,0,0,0,0,0,0,0,2,0,2,Poor,0,0,2013,140,0835,74,0,0,BS
SAN-AMMON2-442,SAN,AMMON2,442,0,0,0,0,0,1,2,0,2,2,1,2,11,Fair,0,0,2013,122,0925,67,1,0,BS
SAN-AMMON1-366,SAN,AMMON1,366,0,0,0,0,0,1,0,0,1,1,2,2,7,Poor,0,0,2013,115,0830,55,0,0,BS
SAN-JEROME3-1060,SAN,JEROME3,1060,0,0,0,0,0,0,0,0,0,2,2,2,6,,0,0,2013,115,0905,60,1,0,BS
SAN-AUTRYVILLE3-352,SAN,AUTRYVILLE3,352,0,1,,0,1,0,0,0,0,2,2,2,6,No habitat,0,0,2013,115,,,,0,BS
SAN-AUTRYVILLE3-351,SAN,AUTRYVILLE3,351,0,1,,0,1,0,0,0,0,2,1,0,3,No habitat,0,0,2013,115,,,,0,BS
SAN-JEROME4-761,SAN,JEROME4,761,0,0,0,0,0,2,2,1,0,2,1,2,12.5,Fair,0,0,2013,105,0656,54,0,0,BS
SAN-DUART2-1057,SAN,DUART2,1057,0,0,0,0,0,1,0,0,2,2,2,2,9,Poor,0,0,2013,121,0750,60,1,0,BS
SAN-AMMON3-40,SAN,AMMON3,40,0,0,0,0,0,1,0,0,0,2,1,1,5,Poor,0,0,2012,120,0800,65,0,0,BS
SAN-AUTRYVILLE3-358,SAN,AUTRYVILLE3,358,0,0,0,0,0,1,0,1,0,2,2,1,8.5,Poor,0,0,2013,122,0755,66,0,0,BS
SAN-JEROME2-18302,SAN,JEROME2,18302,1,0,0,0,0,1,2,1,0,2,1,2,11.5,Fair,0,0,2013,120,1020,60,0,0,BS
SAN-MANCHESTER3-742,SAN,MANCHESTER3,742,0,0,1,1,0,2,2,0,0,0,2,2,9,Fair,0,1,2013,150,0920,77,1,0,NH
SAN-SOUTHERNPINES2-727,SAN,SOUTHERNPINES2,727,0,0,0,0,0,1,2,0,0,1,1,1,7,Poor,0,0,2013,133,1016,61,,0,NH
SAN-MANCHESTER2-17502,SAN,MANCHESTER2,17502,0,0,0,0,0,1,1,0,0,0,1,2,5.5,Poor,0,0,2013,150,0956,79,0,0,NH
SAN-PINEBLUFF1-670,SAN,PINEBLUFF1,670,0,0,0,0,0,2,2,0,0,2,0,2,9,Fair,0,0,2013,132,1017,58,2,0,NH
SAN-PINEBLUFF1-669,SAN,PINEBLUFF1,669,0,0,0,0,0,2,2,2,0,2,2,2,16,Excellent,0,0,2013,132,1000,58,1,0,NH
SAN-MANCHESTER4-67,SAN,MANCHESTER4,67,0,0,0,0,0,1,2,1,0,1,1,2,10.5,Fair,0,0,2013,150,1107,79,1,0,NH
SAN-SOUTHERNPINES2-726,SAN,SOUTHERNPINES2,726,0,0,0,0,0,2,2,0,1,2,1,2,11,Fair,0,0,2013,133,0959,60,1,0,NH
SAN-MANCHESTER2-747,SAN,MANCHESTER2,747,0,0,0,0,0,2,0,1,0,1,1,2,8.5,Fair,0,0,2013,150,1012,79,0,0,NH
SAN-SOUTHERNPINES3-708,SAN,SOUTHERNPINES3,708,0,0,0,0,0,1,0,0,0,2,1,1,5,Poor,0,0,2013,122,0959,62,2,0,NH
SAN-PINEBLUFF4-398,SAN,PINEBLUFF4,398,0,0,1,1,0,1,2,2,0,2,2,2,15,Good,0,0,2013,122,0819,58,2,0,NH
SAN-MCCAIN3-714,SAN,MCCAIN3,714,0,0,0,0,0,2,2,1,0,1,2,2,12.5,Good,0,0,2013,122,0845,59,2,0,NH
