POINTID,REGION,QQUAD,IDNUM,YR,JULIAN,BTIME,T,NOISE,HABQ,HABQI,HABQ2,ADD,NOSURV,INSUFH,TOTBACS,BACSBIN,BA,FIRE,WIRE,FORB,WOOD,BARE,MIDHARD,PASS,ACTIVE,PASSACTIVE,OBS,TMIDMIN
SCP-FREEMAN4-9422,SCP,FREEMAN4,9422,2013,113,0627,47,0,Fair,10,9,1,0,0,0,0,2,2,0,1,2,0,2,0,0,0,JPC,387
CCP-RANSOMVILLE4-15098,CCP,RANSOMVILLE4,15098,2013,147,0853,73,2,Fair,12,11,1,0,0,0,0,1,2,0,2,2,2,2,0,0,0,JPC,533
CCP-RANSOMVILLE4-15099,CCP,RANSOMVILLE4,15099,2013,147,0914,73,0,Fair,13,12,1,0,0,0,0,2,2,0,2,2,2,2,0,0,0,JPC,554
SCP-WINNABOW2-9862,SCP,WINNABOW2,9862,2013,120,0627,60,2,Fair,6,6,1,0,0,0,0,2,0,0,0,0,2,2,0,0,0,JPC,387
SCP-WINNABOW1-9863,SCP,WINNABOW1,9863,2013,120,0657,60,1,Fair,5,5,1,0,0,0,0,2,0,0,0,1,0,2,0,0,0,JPC,417
SCP-SINGLETARYLAKE3-9861,SCP,SINGLETARYLAKE3,9861,2013,115,0817,48,1,Fair,4,4,1,0,0,0,0,1,0,0,0,2,0,1,0,0,0,JPC,497
SCP-TOPSAIL4-1066,SCP,TOPSAIL4,1066,2013,119,0902,62,1,Good,11,8,0,0,0,0,0,2,0,2,0,1,1,2,0,0,0,JPC,542
SCP-CAROLINABEACH3-13065,SCP,CAROLINABEACH3,13065,2013,121,0942,63,,Excellent,14,10,1,0,0,0,0,2,2,2,0,1,1,2,0,0,0,JPC,582
SCP-SOUTHPORT2-1040,SCP,SOUTHPORT2,1040,2013,121,0816,60,2,Good,11.5,9,0,0,0,2,1,2,2,1,0,0,2,2,0,2,0,JPC,496
SCP-KUREBEACH1-1041,SCP,KUREBEACH1,1041,2013,121,0839,60,2,Excellent,15,11,0,0,0,2,1,2,2,2,0,2,1,2,1,2,1,JPC,519
SCP-FUNSTON4-1029,SCP,FUNSTON4,1029,2013,121,0909,60,2,Excellent,16,12,0,0,0,0,0,2,2,2,0,2,2,2,0,0,0,JPC,549
SCP-CAROLINABEACH3-1037,SCP,CAROLINABEACH3,1037,2013,121,0927,63,3,Excellent,16,12,0,0,0,1,1,2,2,2,0,2,2,2,1,1,1,JPC,567
SCP-LEWISSWAMP2-876,SCP,LEWISSWAMP2,876,2013,128,0754,64,0,Good,9,9,0,0,0,1,1,2,0,0,2,1,2,2,0,1,0,JPC,474
SCP-LEWISSWAMP1-13471,SCP,LEWISSWAMP1,13471,2013,128,0718,62,0,Good,11,8,1,0,0,0,0,0,0,2,1,1,2,2,0,0,0,JPC,438
SCP-LEWISSWAMP2-13472,SCP,LEWISSWAMP2,13472,2013,128,0739,63,0,Good,12,10,1,0,0,0,0,1,1,1,2,2,1,2,0,0,0,JPC,459
SCP-INGOLD2-849,SCP,INGOLD2,849,2013,134,0838,66.7,1,Fair,9,8,0,0,0,0,0,1,2,0,1,2,0,2,0,0,0,JPC,518
SCP-DELWAY1-858,SCP,DELWAY1,858,2013,134,0929,71.8,0,Fair,7,7,0,0,0,0,0,2,0,0,1,0,2,2,0,0,0,JPC,569
SCP-TOMAHAWK2-15089,SCP,TOMAHAWK2,15089,2013,134,0733,60.4,0,Good,10,7,1,0,0,0,0,0,0,2,0,1,2,2,0,0,0,JPC,453
SCP-INGOLD2-15090,SCP,INGOLD2,15090,2013,134,0816,65.3,0,Fair,11,10,1,0,0,0,0,2,2,0,2,2,0,2,0,0,0,JPC,496
SCP-ROWAN2-826,SCP,ROWAN2,826,2013,135,0754,68.2,0,Fair,8,7,0,0,0,0,0,1,2,0,1,1,0,2,0,0,0,JPC,474
SCP-ROWAN1-800,SCP,ROWAN1,800,2013,135,0810,70.2,,Fair,6,6,0,0,0,0,0,2,0,0,0,2,0,2,0,0,0,JPC,490
SCP-DELWAY1-857,SCP,DELWAY1,857,2013,134,0952,73.4,0,Good,11.5,9,0,0,0,0,0,1,2,1,1,1,1,2,0,0,0,JPC,592
SCP-ROWAN2-15088,SCP,ROWAN2,15088,2013,135,0712,66.2,0,Excellent,17,13,1,0,0,0,0,2,2,2,1,2,2,2,0,0,0,JPC,432
SCP-ROWAN1-802,SCP,ROWAN1,802,2013,135,0937,75.2,0,Fair,8,8,0,0,0,0,0,2,0,0,2,2,1,1,0,0,0,JPC,577
SCP-CURRIE4-998,SCP,CURRIE4,998,2013,140,0703,71.1,0,Fair,7,7,0,0,0,0,0,1,0,0,2,2,0,2,0,0,0,JPC,423
SCP-ROWAN1-803,SCP,ROWAN1,803,2013,135,0855,73.4,0,Fair,8,8,0,0,0,0,0,2,0,0,2,2,0,2,0,0,0,JPC,535
SCP-ROWAN1-804,SCP,ROWAN1,804,2013,135,0916,74.1,0,Fair,8,8,0,0,0,0,0,2,0,0,2,2,1,1,0,0,0,JPC,556
SCP-CASTLEHAYNE1-5811,SCP,CASTLEHAYNE1,5811,2013,100,0730,73,0,Excellent,15,11,1,0,0,0,0,1,2,2,0,2,2,2,0,0,0,JPC,450
SCP-CASTLEHAYNE1-6209,SCP,CASTLEHAYNE1,6209,2013,100,0753,73,,Fair,8,7,1,0,0,0,0,1,2,0,0,2,0,2,0,0,0,JPC,473
SCP-CASTLEHAYNE1-1099,SCP,CASTLEHAYNE1,1099,2013,100,0637,75,0,Poor,9,8,0,0,0,0,0,2,2,0,0,2,0,2,0,0,0,JPC,397
SCP-CASTLEHAYNE1-5810,SCP,CASTLEHAYNE1,5810,2013,100,0712,73,0,Good,12.5,10,1,0,0,0,0,2,2,1,0,2,1,2,0,0,0,JPC,432
SCP-ROCKYPOINT3-925,SCP,ROCKYPOINT3,925,2013,140,0744,75,0,Poor,5,5,0,0,0,0,0,1,0,0,0,2,0,2,0,0,0,JPC,464
SCP-FREEMAN4-1239,SCP,FREEMAN4,1239,2013,204,0652,47,0,,6.5,5,0,0,0,0,0,0,0,1,0,0,2,2,0,0,0,JPC,412
SCP-OLDDOCK3-9423,SCP,OLDDOCK3,9423,2013,113,0836,57,0,Excellent,15,11,1,0,0,0,0,2,2,2,0,1,2,2,0,0,0,JPC,516
SCP-FREELAND2-9426,SCP,FREELAND2,9426,2013,112,0753,49,0,Good,12.5,9,1,0,0,0,0,2,1,2,0,2,0,2,0,0,0,JPC,473
SCP-FREELAND2-9427,SCP,FREELAND2,9427,2013,112,0820,49,0,Good,11,8,1,0,0,0,0,2,0,2,0,2,1,1,0,0,0,JPC,500
SCP-FREELAND2-9429,SCP,FREELAND2,9429,2013,112,0901,50,1,Good,10.5,8,1,0,0,0,0,2,2,1,0,1,0,2,0,0,0,JPC,541
SCP-SCOTTSHILL2-13488,SCP,SCOTTSHILL2,13488,2013,132,0651,60,1,Good,8.5,7,1,0,0,0,0,2,0,1,0,2,0,2,0,0,0,EDG,411
SCP-SCOTTSHILL2-13489,SCP,SCOTTSHILL2,13489,2013,132,0732,60,1,Fair,9.5,8,1,0,0,0,0,2,0,1,0,1,2,2,0,0,0,EDG,452
SCP-KELLY4-813,SCP,KELLY4,813,2013,135,0830,65,1,Fair,8.5,7,0,0,0,0,0,2,0,1,0,2,0,2,0,0,0,EDG,510
SCP-KELLY4-816,SCP,KELLY4,816,2013,135,0906,65,0,Fair,4,4,0,0,0,0,0,1,0,0,0,1,0,2,0,0,0,EDG,546
SCP-KELLY3-810,SCP,KELLY3,810,2013,135,0712,63,1,Fair,6,6,0,0,0,0,0,2,0,0,0,2,0,2,0,0,0,EDG,432
SCP-KELLY4-814,SCP,KELLY4,814,2013,135,0813,65,1,Poor,4,4,0,0,0,0,0,1,0,0,0,1,0,2,0,0,0,EDG,493
SCP-KELLY3-14688,SCP,KELLY3,14688,2013,134,0936,68,1,Fair,8.5,7,1,0,0,0,0,2,0,1,0,2,0,2,0,0,0,EDG,576
SCP-ROWAN3-809,SCP,ROWAN3,809,2013,135,0650,63,1,No habitat,5,5,0,0,1,0,0,1,0,0,0,2,0,2,0,0,0,EDG,410
SCP-KELLY3-14689,SCP,KELLY3,14689,2013,134,0910,68,0,Poor,6,6,1,0,0,0,0,2,0,0,0,2,0,2,0,0,0,EDG,550
SCP-KELLY3-811,SCP,KELLY3,811,2013,134,0924,68,1,Poor,6,6,0,0,0,0,0,2,0,0,0,2,0,2,0,0,0,EDG,564
SCP-TOPSAIL2-934,SCP,TOPSAIL2,934,2013,100,0816,66,0,Excellent,16,12,0,0,0,2,1,2,2,2,0,2,2,2,2,1,1,EDG,496
SCP-HOLLYRIDGE3-1070,SCP,HOLLYRIDGE3,1070,2013,100,0926,71,1,Good,13,10,0,0,0,2,1,2,0,2,0,2,2,2,2,1,1,EDG,566
SCP-MAPLEHILLSW2-13074,SCP,MAPLEHILLSW2,13074,2013,119,0652,60,0,Excellent,15,11,1,0,0,0,0,2,2,2,0,1,2,2,0,0,0,EDG,412
SCP-MAPLEHILLSW2-13078,SCP,MAPLEHILLSW2,13078,2013,119,0719,62,0,Excellent,16,12,1,0,0,0,0,2,2,2,0,2,2,2,0,0,0,EDG,439
SCP-MAPLEHILLSW2-13079,SCP,MAPLEHILLSW2,13079,2013,119,0616,60,1,Good,12,9,1,0,0,0,0,0,0,2,1,2,2,2,0,0,0,EDG,376
SCP-MAPLEHILLSW2-13080,SCP,MAPLEHILLSW2,13080,2013,119,0634,60,0,Excellent,15,11,1,0,0,1,1,2,2,2,0,1,2,2,0,1,0,JPC,394
SCP-SWANSBORO2-1118,SCP,SWANSBORO2,1118,2013,120,0608,58,0,Excellent,15,11,0,0,0,1,1,2,2,2,0,2,1,2,1,1,1,EDG,368
SCP-MAPLEHILLSW2-13081,SCP,MAPLEHILLSW2,13081,2013,119,0745,62,0,Excellent,16,12,1,0,0,0,0,2,2,2,0,2,2,2,0,0,0,EDG,465
SCP-STAGPARK2-1049,SCP,STAGPARK2,1049,2013,104,0850,68,0,,,,0,0,0,1,1,,2,,,,,,1,0,0,EDG,530
SCP-STAGPARK4-1050,SCP,STAGPARK4,1050,2013,104,0912,69,1,Poor,5,5,0,0,0,0,0,2,0,0,0,2,1,0,0,0,0,EDG,552
SCP-MOORETOWN4-13073,SCP,MOORETOWN4,13073,2013,104,0948,72,0,Good,9.5,8,1,0,0,0,0,2,0,1,0,2,1,2,0,0,0,EDG,588
SCP-MOORETOWN4-13072,SCP,MOORETOWN4,13072,2013,104,1010,70,0,Fair,10.5,9,1,0,0,0,0,2,0,1,0,2,2,2,0,0,0,EDG,610
SCP-MOORETOWN4-1075,SCP,MOORETOWN4,1075,2013,104,1025,70,0,Poor,8,7,0,0,0,0,0,2,2,0,0,1,0,2,0,0,0,EDG,625
SCP-SCOTTSHILL2-1084,SCP,SCOTTSHILL2,1084,2013,105,0732,66,0,Good,13,10,0,0,0,0,0,2,0,2,0,2,2,2,0,0,0,JPC,452
SCP-SCOTTSHILL2-12667,SCP,SCOTTSHILL2,12667,2013,105,0745,66,0,Good,9.5,7,1,0,0,1,1,2,2,1,0,0,0,2,1,0,0,EDG,465
SCP-SCOTTSHILL2-7813,SCP,SCOTTSHILL2,7813,2013,105,0813,68,0,Excellent,12.5,10,1,0,0,1,1,2,2,1,0,2,1,2,1,1,1,EDG,493
SCP-SCOTTSHILL2-12668,SCP,SCOTTSHILL2,12668,2013,105,0828,70,0,Good,12.5,10,1,0,0,1,1,2,2,1,1,2,0,2,0,1,0,EDG,508
SCP-ATKINSON3-976,SCP,ATKINSON3,976,2013,122,0650,58,0,Poor,5,5,0,0,0,0,0,2,0,0,0,1,1,1,0,0,0,EDG,410
SCP-ATKINSON3-13070,SCP,ATKINSON3,13070,2013,122,0702,60,0,Fair,12,11,1,0,0,0,0,2,2,0,2,2,1,2,0,0,0,EDG,422
SCP-ATKINSON3-967,SCP,ATKINSON3,967,2013,122,0620,56,0,Excellent,16,12,0,0,0,0,0,2,2,2,0,2,2,2,0,0,0,EDG,380
SCP-ATKINSON3-970,SCP,ATKINSON3,970,2013,122,0637,58,0,Fair,8.5,7,0,0,0,0,0,2,0,1,0,2,0,2,0,0,0,EDG,397
SCP-CURRIE1-12669,SCP,CURRIE1,12669,2013,115,0834,65,2,Poor,5,5,1,0,0,0,0,1,0,0,0,2,0,2,0,0,0,EDG,514
SCP-SWANSBORO2-12670,SCP,SWANSBORO2,12670,2013,113,0755,53,0,Excellent,16,12,1,0,0,1,1,2,2,2,0,2,2,2,1,1,1,JPC,475
SCP-SNEADSFERRY3-937,SCP,SNEADSFERRY3,937,2013,114,0626,65,1,Poor,6,6,0,0,0,0,0,2,0,0,0,2,0,2,0,0,0,EDG,386
SCP-HADNOTCREEK1-944,SCP,HADNOTCREEK1,944,2013,112,0734,50,1,No habitat,9,8,0,0,1,2,1,2,2,0,0,2,0,2,2,2,2,EDG,454
SCP-HADNOTCREEK1-943,SCP,HADNOTCREEK1,943,2013,112,0748,52,0,No habitat,9,8,0,0,1,0,0,2,2,0,0,2,0,2,0,0,0,EDG,468
SCP-HADNOTCREEK3-1108,SCP,HADNOTCREEK3,1108,2013,112,0641,50,1,Excellent,13.5,11,0,0,0,2,1,2,2,1,0,2,2,2,2,1,1,EDG,401
SCP-HADNOTCREEK1-941,SCP,HADNOTCREEK1,941,2013,112,0704,50,1,Excellent,17,13,0,0,0,2,1,2,2,2,1,2,2,2,1,2,1,EDG,424
SCP-POLLOCKSVILLE2-1105,SCP,POLLOCKSVILLE2,1105,2013,111,1044,60,2,Excellent,12.5,10,0,0,0,0,0,2,2,1,0,1,2,2,0,0,0,EDG,644
SCP-HADNOTCREEK1-939,SCP,HADNOTCREEK1,939,2013,111,0626,50,0,Good,12.5,10,0,0,0,1,1,2,2,1,0,1,2,2,1,1,1,EDG,386
SCP-CHERRYPOINT1-956,SCP,CHERRYPOINT1,956,2013,111,0916,58,2,Fair,6.5,5,0,0,0,0,0,2,0,1,0,0,2,0,0,0,0,EDG,556
SCP-HAVELOCK1-956,SCP,HAVELOCK1,956,2013,111,0740,48,2,Fair,7.5,6,0,0,0,0,0,2,0,1,0,0,2,1,0,0,0,EDG,460
SCP-NEWBERN4-1100,SCP,NEWBERN4,1100,2013,111,0704,45,0,Excellent,15,11,0,0,0,0,0,2,2,2,0,1,2,2,0,0,0,EDG,424
SCP-NEWBERN4-12665,SCP,NEWBERN4,12665,2013,111,0715,44,0,Excellent,16,12,1,0,0,0,0,2,2,2,0,2,2,2,0,0,0,EDG,435
SCP-NEWBERN1-1101,SCP,NEWBERN1,1101,2013,111,0628,45,0,Good,12,9,0,0,0,0,0,2,0,2,0,2,1,2,0,0,0,EDG,388
SCP-CATFISHLAKE2-957,SCP,CATFISHLAKE2,957,2013,108,1037,70,1,Fair,10,7,0,0,0,0,0,0,0,2,0,2,1,2,0,0,0,EDG,637
SCP-CATFISHLAKE2-958,SCP,CATFISHLAKE2,958,2013,108,1051,70,0,Excellent,14,10,0,0,0,1,1,2,2,2,0,0,2,2,0,1,0,EDG,651
SCP-NEWPORT3-1110,SCP,NEWPORT3,1110,2013,108,0818,67,2,Good,11.5,9,0,0,0,0,0,2,2,1,0,2,1,1,0,0,0,EDG,498
SCP-SCOTTSHILL2-12663,SCP,SCOTTSHILL2,12663,2013,107,0901,72,1,Poor,5,5,1,0,0,0,0,2,0,0,0,0,2,1,0,0,0,EDG,541
SCP-TOPSAIL4-11463,SCP,TOPSAIL4,11463,2013,107,0746,59,0,Good,12,9,1,0,0,0,0,2,0,2,0,1,2,2,0,0,0,EDG,466
SCP-TOPSAIL4-1065,SCP,TOPSAIL4,1065,2013,107,0800,62,0,Good,11,8,0,0,0,0,0,0,0,2,0,2,2,2,0,0,0,EDG,480
SCP-MAPLEHILL1-929,SCP,MAPLEHILL1,929,2013,106,0832,65,0,Excellent,15,11,0,0,0,0,0,2,2,2,1,1,1,2,0,0,0,EDG,512
SCP-HOLLYRIDGE3-1069,SCP,HOLLYRIDGE3,1069,2013,107,0656,56,2,Good,13,10,0,0,0,0,0,2,0,2,0,2,2,2,0,0,0,EDG,416
SCP-SCOTTSHILL2-11461,SCP,SCOTTSHILL2,11461,2013,105,1027,72,1,Excellent,16,12,1,0,0,2,1,2,2,2,0,2,2,2,2,2,2,EDG,627
SCP-MAPLEHILL1-928,SCP,MAPLEHILL1,928,2013,106,0816,64,2,Good,11,8,0,0,0,0,0,1,0,2,0,2,1,2,0,0,0,EDG,496
SCP-SCOTTSHILL2-11464,SCP,SCOTTSHILL2,11464,2013,105,0850,70,1,Excellent,15,11,1,0,0,0,0,2,2,2,0,1,2,2,0,0,0,JPC,530
SCP-SALTERPATH4-5008,SCP,SALTERPATH4,5008,2013,129,0821,65,2,Good,14,10,0,0,0,0,0,2,2,2,0,2,1,1,0,0,0,EDG,501
SCP-CURRIE1-1736,SCP,CURRIE1,1736,2013,136,0747,68,1,,,,1,0,0,0,0,,,,,,,,0,0,0,EDG,467
SCP-CURRIE4-983,SCP,CURRIE4,983,2013,136,0846,72,1,Good,7.5,6,0,0,0,0,0,2,0,1,0,2,0,1,0,0,0,EDG,526
SCP-LELAND2-999,SCP,LELAND2,999,2013,150,0942,80,0,Poor,6.5,5,0,0,0,0,0,0,0,1,0,2,0,2,0,0,0,EDG,582
SCP-ATKINSON3-972,SCP,ATKINSON3,972,2013,122,0752,60,0,Fair,8.5,7,0,0,0,0,0,2,0,1,0,2,0,2,0,0,0,EDG,472
SCP-ATKINSON3-971,SCP,ATKINSON3,971,2013,122,0714,60,0,Fair,6,6,0,0,0,0,0,2,0,0,0,2,0,2,0,0,0,EDG,434
SCP-ATKINSON3-968,SCP,ATKINSON3,968,2013,122,0728,60,0,Good,11.5,9,0,0,0,0,0,2,2,1,0,2,0,2,0,0,0,EDG,448
SCP-HADNOTCREEK1-942,SCP,HADNOTCREEK1,942,2013,112,0807,52,0,Excellent,15,11,0,0,0,2,1,2,2,2,0,2,1,2,2,2,2,EDG,487
SCP-HADNOTCREEK1-946,SCP,HADNOTCREEK1,946,2013,112,0947,54,0,Excellent,16,12,0,0,0,2,1,2,2,2,0,2,2,2,2,2,2,EDG,587
SCP-ATKINSON3-13069,SCP,ATKINSON3,13069,2013,122,0940,63,0,Good,9.5,8,1,0,0,0,0,2,0,1,0,2,1,2,0,0,0,EDG,580
SCP-FUNSTON3-2981,SCP,FUNSTON3,2981,2012,114,0833,47,0,Excellent,15,11,0,0,0,2,1,2,2,2,0,1,2,2,0,2,0,JPC,513
SCP-HADNOTCREEK3-2597,SCP,HADNOTCREEK3,2597,2012,117,0749,,0,Good,13,12,0,0,0,1,1,2,2,0,2,2,2,2,1,0,0,JPC,469
SCP-HAVELOCK3-2599,SCP,HAVELOCK3,2599,2012,117,0854,70,1,Good,12,9,0,0,0,0,0,2,0,2,0,1,2,2,0,0,0,JPC,534
SCP-HONEYISLAND3-2605,SCP,HONEYISLAND3,2605,2012,113,0726,47,0,Fair,8.5,7,0,0,0,0,0,2,0,1,0,1,2,1,0,0,0,JPC,446
SCP-HUBERT1-13494,SCP,HUBERT1,13494,2013,133,,,,Fair,12,9,1,0,0,0,0,2,0,2,0,2,2,1,0,0,0,EDG,
SCP-LELAND3-1774,SCP,LELAND3,1774,2012,110,0617,60,0,Good,8.5,7,0,0,0,0,0,2,0,1,0,1,2,1,0,0,0,JPC,377
SCP-LELAND3-1775,SCP,LELAND3,1775,2012,110,0918,60,0,Poor,4,4,0,0,0,0,0,2,0,0,0,2,0,0,0,0,0,JPC,558
SCP-LELAND3-1776,SCP,LELAND3,1776,2012,110,0940,67,1,Good,9.5,8,0,0,0,0,0,2,0,1,1,1,1,2,0,0,0,JPC,580
SCP-LELAND3-1778,SCP,LELAND3,1778,2012,110,0706,60,0,Good,8.5,7,0,0,0,0,0,2,0,1,0,0,2,2,0,0,0,JPC,426
SCP-LELAND3-1779,SCP,LELAND3,1779,2012,110,0723,60,0,Good,9,6,0,0,0,0,0,0,0,2,0,2,0,2,0,0,0,JPC,443
SCP-LELAND3-1780,SCP,LELAND3,1780,2012,110,0741,60,0,Good,9,6,0,0,0,0,0,0,0,2,0,2,0,2,0,0,0,JPC,461
SCP-LELAND3-1781,SCP,LELAND3,1781,2012,110,0802,60,0,Good,11,8,0,0,0,2,1,2,0,2,0,0,2,2,2,0,0,JPC,482
SCP-LELAND3-1782,SCP,LELAND3,1782,2012,110,0825,60,1,Poor,4,4,0,0,0,0,0,2,0,0,0,1,1,0,0,0,0,JPC,505
SCP-LELAND3-1783,SCP,LELAND3,1783,2012,110,0846,60,1,Fair,7.5,6,0,0,0,0,0,2,0,1,0,1,2,0,0,0,0,JPC,526
SCP-LELAND3-1784,SCP,LELAND3,1784,2012,110,0904,60,0,Good,9,6,0,0,0,0,0,0,0,2,0,2,0,2,0,0,0,JPC,544
SCP-LELAND3-1784,SCP,LELAND3,1784,2012,110,0904,60,0,Good,9,6,0,0,0,0,0,0,0,2,0,2,0,2,0,0,0,JPC,544
SCP-LELAND3-2574,SCP,LELAND3,2574,2012,110,0643,60,0,Fair,9.5,8,0,0,0,1,1,2,0,1,0,1,2,2,0,1,0,JPC,403
SCP-HOLLYRIDGE3-19501,SCP,HOLLYRIDGE3,19501,2013,119,0905,64,1,Good,13,10,0,0,0,0,0,2,0,2,0,2,2,2,0,0,0,EDG,545
SCP-MASONTOWN1-2978,SCP,MASONTOWN1,2978,2012,117,1028,74,0,Good,14,11,1,0,0,0,0,2,0,2,1,2,2,2,0,0,0,JPC,628
SCP-MASONTOWN1-2979,SCP,MASONTOWN1,2979,2012,117,1054,74,0,Excellent,15,11,1,0,0,1,1,2,2,2,0,1,2,2,0,1,0,JPC,654
SCP-MASONTOWN4-2598,SCP,MASONTOWN4,2598,2012,115,1036,59,1,Poor,6,6,0,0,0,0,0,2,0,0,0,2,0,2,0,0,0,JPC,636
SCP-MASONTOWN4-2977,SCP,MASONTOWN4,2977,2012,115,0946,58,1,Excellent,15,11,1,0,0,0,0,2,2,2,0,1,2,2,0,0,0,JPC,586
SCP-NEWBERN1-1103,SCP,NEWBERN1,1103,2013,111,0644,45,0,Fair,10,8,0,0,0,0,0,2,1,1,0,0,2,2,0,0,0,EDG,404
SAN-ANSONVILLE1-165,SAN,ANSONVILLE1,165,2012,114,0802,55,0,Fair,8.5,7,0,0,0,0,0,0,0,1,1,1,2,2,0,0,0,AJL,482
SAN-GHIO2-249,SAN,GHIO2,249,2012,115,0640,48,2,Poor,4,4,0,0,0,0,0,0,0,0,0,2,0,2,0,0,0,AJL,400
SAN-MILLSTONELAKE4-8219,SAN,MILLSTONELAKE4,8219,2013,100,0955,70,0,Excellent,16,12,0,0,0,2,1,2,2,2,0,2,2,2,2,2,2,MAN,595
SAN-MILLSTONELAKE1-633,SAN,MILLSTONELAKE1,633,2013,100,,,,No habitat,9,8,0,1,1,,0,2,2,0,0,2,0,2,0,0,0,MAN,
SAN-MILLSTONELAKE4-636,SAN,MILLSTONELAKE4,636,2013,100,,,,Poor,8,7,0,1,1,,0,1,2,0,0,2,1,1,0,0,0,MAN,
SAN-MILLSTONELAKE4-637,SAN,MILLSTONELAKE4,637,2013,100,,,,Poor,6.5,6,0,1,1,,0,0,1,0,0,2,2,1,0,0,0,MAN,
SAN-HOFFMAN3-647,SAN,HOFFMAN3,647,2013,101,,,,No habitat,4,4,0,0,1,0,0,0,0,0,0,2,2,0,0,0,0,MAN,
SAN-HOFFMAN3-646,SAN,HOFFMAN3,646,2013,101,,,,No habitat,6,5,0,1,1,,0,0,2,0,0,2,1,0,0,0,0,MAN,
SAN-HOFFMAN1-649,SAN,HOFFMAN1,649,2013,105,,,,Poor,9,8,0,1,1,,0,1,2,0,0,2,2,1,0,0,0,MAN,
SAN-WAGRAM1-661,SAN,WAGRAM1,661,2012,213,,,,No habitat,3,3,0,1,1,,0,1,0,0,0,0,2,0,0,0,0,KKJ,
SAN-HOFFMAN4-652,SAN,HOFFMAN4,652,2013,105,,,,No habitat,9,8,0,1,1,,0,1,2,0,0,2,1,2,0,0,0,MAN,
SAN-HOFFMAN4-767,SAN,HOFFMAN4,767,2013,105,,,,No habitat,5,4,0,1,1,,0,0,2,0,0,1,1,0,0,0,0,MAN,
SAN-HOFFMAN4-653,SAN,HOFFMAN4,653,2013,105,,,,No habitat,9,8,0,0,1,0,0,1,2,0,0,2,1,2,0,0,0,MAN,
SAN-WESTEND2-768,SAN,WESTEND2,768,2013,105,,,,Fair,9,8,0,1,1,,0,0,2,0,0,2,2,2,0,0,0,MAN,
SAN-WESTEND3-680,SAN,WESTEND3,680,2013,105,,,,Poor,3,3,0,1,1,,0,0,0,0,0,1,2,0,0,0,0,MAN,
SAN-WESTEND4-504,SAN,WESTEND4,504,2013,104,0845,64,0,Good,13.5,10,0,0,0,0,0,1,1,2,0,2,2,2,0,0,0,JFM,525
SAN-WESTEND4-5411,SAN,WESTEND4,5411,2013,104,0914,64,0,Excellent,17,13,1,0,0,1,1,2,2,2,1,2,2,2,0,1,0,JFM,554
SAN-WESTEND4-5409,SAN,WESTEND4,5409,2013,104,0816,63,1,Good,16,12,1,0,0,0,0,2,2,2,0,2,2,2,0,0,0,JFM,496
SAN-WESTEND4-5410,SAN,WESTEND4,5410,2013,104,0830,63,1,Excellent,17,13,1,0,0,0,0,2,2,2,1,2,2,2,0,0,0,JFM,510
SAN-WESTEND4-5408,SAN,WESTEND4,5408,2013,104,0743,62,2,Good,13.5,10,1,0,0,0,0,2,1,2,0,2,1,2,0,0,0,JFM,463
SAN-WESTEND4-503,SAN,WESTEND4,503,2013,104,0758,62,2,Good,13.5,10,0,0,0,0,0,1,1,2,0,2,2,2,0,0,0,JFM,478
SAN-MILLSTONELAKE2-628,SAN,MILLSTONELAKE2,628,2013,104,0834,62,1,Excellent,16,12,0,0,0,1,1,2,2,2,0,2,2,2,1,1,1,MAN,514
SAN-MILLSTONELAKE2-627,SAN,MILLSTONELAKE2,627,2013,104,0854,62,1,Excellent,15,11,0,0,0,0,0,1,2,2,0,2,2,2,0,0,0,MAN,534
SAN-MILLSTONELAKE2-620,SAN,MILLSTONELAKE2,620,2013,104,1003,65,1,Excellent,16,12,0,0,0,0,0,2,2,2,0,2,2,2,0,0,0,MAN,603
SAN-MILLSTONELAKE2-622,SAN,MILLSTONELAKE2,622,2013,104,1025,64,1,Excellent,16,12,0,0,0,0,0,2,2,2,0,2,2,2,0,0,0,MAN,625
SAN-HOFFMAN3-592,SAN,HOFFMAN3,592,2013,104,0914,62,1,Good,12.5,10,0,0,0,1,1,1,2,1,0,2,2,2,1,1,1,MAN,554
SAN-MILLSTONELAKE2-621,SAN,MILLSTONELAKE2,621,2013,104,0938,64,1,Excellent,16,12,0,0,0,1,1,2,2,2,0,2,2,2,0,1,0,MAN,578
SAN-MILLSTONELAKE2-757,SAN,MILLSTONELAKE2,757,2013,104,0727,60,1,Excellent,16,12,0,0,0,1,1,2,2,2,0,2,2,2,0,1,0,MAN,447
SAN-MILLSTONELAKE2-629,SAN,MILLSTONELAKE2,629,2013,104,0756,62,1,Excellent,15,11,0,0,0,1,1,1,2,2,0,2,2,2,0,1,0,MAN,476
SAN-WESTEND1-5808,SAN,WESTEND1,5808,2013,104,1020,70,1,Good,10.5,8,1,0,0,0,0,1,2,1,0,2,1,1,0,0,0,JFM,620
SAN-NORMAN4-673,SAN,NORMAN4,673,2013,105,1002,75,0,Good,8.5,7,0,0,0,0,0,1,0,1,0,1,2,2,0,0,0,JFM,602
SAN-MILLSTONELAKE1-634,SAN,MILLSTONELAKE1,634,2013,100,0834,65,1,Good,12.5,10,0,0,0,1,1,2,2,1,0,2,2,1,1,1,1,MAN,514
SAN-WESTEND3-6612,SAN,WESTEND3,6612,2013,105,0855,66,0,Excellent,16,12,1,0,0,0,0,2,2,2,0,2,2,2,0,0,0,JFM,535
SAN-NORMAN4-6610,SAN,NORMAN4,6610,2013,105,0941,72,0,Good,13,10,1,0,0,0,0,2,0,2,0,2,2,2,0,0,0,JFM,581
SAN-WESTEND3-6611,SAN,WESTEND3,6611,2013,105,0734,60,3,Fair,7.5,6,1,0,0,0,0,1,0,1,0,2,1,1,0,0,0,JFM,454
SAN-WESTEND3-681,SAN,WESTEND3,681,2013,105,0759,62,1,Good,9.5,8,0,0,0,0,0,1,0,1,0,2,2,2,0,0,0,JFM,479
SAN-WESTEND3-683,SAN,WESTEND3,683,2013,105,,,,No habitat,3,3,0,1,1,,0,0,0,0,0,1,2,0,0,0,0,JFM,
SAN-WESTEND3-684,SAN,WESTEND3,684,2013,105,,,,No habitat,3,3,0,1,1,,0,0,0,0,0,0,2,1,0,0,0,JFM,
SAN-NORMAN4-674,SAN,NORMAN4,674,2013,105,1022,70,0,Good,9.5,8,0,0,0,0,0,1,0,1,0,2,2,2,0,0,0,JFM,622
SAN-NORMAN4-6609,SAN,NORMAN4,6609,2013,105,1036,71,0,Good,8.5,7,1,0,0,0,0,1,0,1,0,2,2,1,0,0,0,JFM,636
SAN-HOFFMAN2-3405,SAN,HOFFMAN2,3405,2013,105,1010,66,1,Good,12.5,10,0,0,0,0,0,1,2,1,1,2,2,1,0,0,0,MAN,610
SAN-HOFFMAN3-630,SAN,HOFFMAN3,630,2013,105,1052,69,1,Excellent,13.5,11,0,0,0,1,1,2,2,1,0,2,2,2,0,1,0,MAN,652
SAN-CANDOR4-686,SAN,CANDOR4,686,2013,105,1058,72,1,Good,16,12,0,0,0,0,0,2,2,2,0,2,2,2,0,0,0,JFM,658
SAN-HOFFMAN1-643,SAN,HOFFMAN1,643,2013,105,0717,58,2,Excellent,15,11,0,0,0,3,1,1,2,2,0,2,2,2,0,3,0,MAN,437
SAN-HOFFMAN4-655,SAN,HOFFMAN4,655,2013,105,0900,64,1,Good,11,8,0,0,0,0,0,1,0,2,0,2,2,1,0,0,0,MAN,540
SCP-FREELAND4-1088,SCP,FREELAND4,1088,2013,112,1009,51,0,Fair,9.5,8,0,0,0,0,0,2,0,1,0,1,2,2,0,0,0,JPC,609
SCP-SUPPLY1-9424,SCP,SUPPLY1,9424,2013,111,0938,46,1,Poor,6.5,5,1,0,0,0,0,0,0,1,0,2,0,2,0,0,0,JPC,578
SCP-SUPPLY1-9425,SCP,SUPPLY1,9425,2013,111,0952,48,0,Good,11,8,1,0,0,0,0,0,0,2,0,2,2,2,0,0,0,JPC,592
SCP-FREELAND2-1090,SCP,FREELAND2,1090,2013,112,0702,49,1,Fair,7,6,1,0,0,0,0,2,2,0,0,0,0,2,0,0,0,JPC,422
SCP-FREELAND2-1089,SCP,FREELAND2,1089,2013,112,0721,49,0,Excellent,15,11,1,0,0,0,0,2,2,2,0,2,1,2,0,0,0,JPC,441
SCP-BOLIVIA1-885,SCP,BOLIVIA1,885,2013,111,0723,44,1,Fair,11,8,0,0,0,0,0,1,0,2,0,2,1,2,0,0,0,JPC,443
SCP-LEWISSWAMP4-9430,SCP,LEWISSWAMP4,9430,2013,111,0623,43,1,Fair,10.5,8,1,0,0,0,0,2,2,1,0,1,0,2,0,0,0,JPC,383
SCP-BOLIVIA2-9432,SCP,BOLIVIA2,9432,2013,111,0703,44,0,Fair,7.5,6,1,0,0,0,0,0,0,1,1,2,0,2,0,0,0,JPC,423
SCP-BOLIVIA1-882,SCP,BOLIVIA1,882,2013,111,0717,44,1,Fair,7,7,0,0,0,2,1,2,0,0,1,2,0,2,0,2,0,JPC,437
SCP-BOLIVIA3-9433,SCP,BOLIVIA3,9433,2013,108,0939,76,1,Excellent,16,12,1,0,0,1,1,2,2,2,1,1,2,2,0,1,0,JPC,579
SCP-BOLIVIA3-890,SCP,BOLIVIA3,890,2013,108,0954,76,3,Excellent,15,11,0,0,0,0,0,2,2,2,0,1,2,2,0,0,0,JPC,594
SCP-LEWISSWAMP4-9434,SCP,LEWISSWAMP4,9434,2013,108,0835,72,1,Good,11.5,9,1,0,0,0,0,2,2,1,0,2,0,2,0,0,0,JPC,515
SCP-BOLIVIA3-891,SCP,BOLIVIA3,891,2013,108,0922,76,0,Excellent,14,10,0,0,0,3,1,2,2,2,0,1,1,2,3,3,3,JPC,562
SCP-WILMINGTON3-9436,SCP,WILMINGTON3,9436,2013,107,0826,67,1,Fair,6.5,5,1,0,0,0,0,0,0,1,0,2,0,2,0,0,0,JPC,506
SCP-WINNABOW4-9435,SCP,WINNABOW4,9435,2013,107,0840,70,0,Excellent,11.5,9,1,0,0,1,1,2,2,1,0,1,1,2,1,1,1,JPC,520
SCP-WILMINGTON3-9437,SCP,WILMINGTON3,9437,2013,107,0908,71,0,Fair,9.5,8,1,0,0,0,0,2,0,1,0,1,2,2,0,0,0,JPC,548
SCP-SUPPLY2-9438,SCP,SUPPLY2,9438,2013,107,1007,70,1,Fair,8.5,7,1,0,0,0,0,2,0,1,0,2,0,2,0,0,0,JPC,607
SCP-FUNSTON2-1021,SCP,FUNSTON2,1021,2013,107,0702,57,2,Good,13,10,0,0,0,0,0,2,0,2,0,2,2,2,0,0,0,JPC,422
SCP-FUNSTON2-1022,SCP,FUNSTON2,1022,2013,107,0742,63,0,Fair,8,7,0,0,0,1,1,2,2,0,0,1,0,2,1,1,1,JPC,462
SCP-SINGLETARYLAKE4-788,SCP,SINGLETARYLAKE4,788,2013,106,1006,69,0,Fair,5,5,0,0,0,0,0,1,0,0,0,2,0,2,0,0,0,JPC,606
SCP-CAROLINABEACH1-914,SCP,CAROLINABEACH1,914,2013,107,0620,56,0,Fair,11.5,9,0,0,0,0,0,2,2,1,0,2,0,2,0,0,0,JPC,380
SCP-KELLY4-818,SCP,KELLY4,818,2013,106,0645,52,1,Poor,5,5,0,0,0,0,0,1,0,0,0,2,0,2,0,0,0,JPC,405
SCP-ROWAN4-824,SCP,ROWAN4,824,2013,106,0711,54,0,Poor,6,6,0,0,0,0,0,2,0,0,0,2,0,2,0,0,0,JPC,431
SCP-ROWAN3-805,SCP,ROWAN3,805,2013,106,0755,56,0,Poor,5,5,0,0,0,0,0,1,0,0,0,2,0,2,0,0,0,JPC,475
SCP-ROWAN3-9451,SCP,ROWAN3,9451,2013,106,0818,56,0,Fair,7.5,6,1,0,0,0,0,1,0,1,0,2,0,2,0,0,0,JPC,498
SCP-SINGLETARYLAKE4-9449,SCP,SINGLETARYLAKE4,9449,2013,106,0931,67,1,Poor,5,5,1,0,0,0,0,1,0,0,0,2,0,2,0,0,0,JPC,571
SCP-SINGLETARYLAKE4-791,SCP,SINGLETARYLAKE4,791,2013,106,0947,69,1,Fair,9,8,0,0,0,0,0,2,2,0,0,2,0,2,0,0,0,JPC,587
SCP-KELLY3-1164,SCP,KELLY3,1164,2013,106,0858,65,2,Poor,5,5,0,0,0,0,0,1,0,0,0,2,0,2,0,0,0,JPC,538
SCP-KELLY3-9450,SCP,KELLY3,9450,2013,106,0913,65,2,Poor,5,5,1,0,0,0,0,1,0,0,0,2,0,2,0,0,0,JPC,553
SCP-CAROLINABEACH3-5809,SCP,CAROLINABEACH3,5809,2013,105,0823,61,1,Excellent,15,11,1,0,0,1,1,2,2,2,0,2,1,2,1,1,1,JPC,503
SCP-FUNSTON4-1031,SCP,FUNSTON4,1031,2013,105,0844,64,1,Excellent,14,10,0,0,0,1,1,2,2,2,0,2,0,2,1,1,1,JPC,524
SCP-CAROLINABEACH1-920,SCP,CAROLINABEACH1,920,2013,105,0719,56,1,Excellent,15,11,0,0,0,2,1,2,2,2,0,2,1,2,2,2,2,JPC,439
SCP-FUNSTON4-1033,SCP,FUNSTON4,1033,2013,105,0804,59,1,Excellent,14,10,0,0,0,3,1,2,2,2,0,2,0,2,1,3,1,JPC,484
SCP-FUNSTON4-9455,SCP,FUNSTON4,9455,2013,105,1030,69,0,Excellent,16,12,1,0,0,0,0,2,2,2,0,2,2,2,0,0,0,JPC,630
SCP-FUNSTON4-9456,SCP,FUNSTON4,9456,2013,105,1046,69,0,Good,11.5,9,1,0,0,0,0,2,2,1,0,2,0,2,0,0,0,JPC,646
SCP-FUNSTON4-1032,SCP,FUNSTON4,1032,2013,105,0903,64,2,Good,11.5,9,0,0,0,2,1,2,2,1,0,2,0,2,1,1,0,JPC,543
SCP-FUNSTON4-9457,SCP,FUNSTON4,9457,2013,105,0924,65,1,Good,11.5,9,1,0,0,1,1,2,2,1,0,2,0,2,1,1,1,JPC,564
SCP-CAROLINABEACH1-921,SCP,CAROLINABEACH1,921,2013,105,0643,56,1,Excellent,15,11,0,0,0,0,0,2,2,2,0,2,1,2,0,0,0,JPC,403
SCP-CAROLINABEACH3-9458,SCP,CAROLINABEACH3,9458,2013,105,0658,56,1,Excellent,16,12,1,0,0,5,1,2,2,2,0,2,2,2,4,3,2,JPC,418
SCP-ACME3-9459,SCP,ACME3,9459,2013,104,1023,64,0,Good,11,8,1,0,0,0,0,0,0,2,0,2,2,2,0,0,0,JPC,623
SCP-CAROLINABEACH3-1036,SCP,CAROLINABEACH3,1036,2013,105,0624,56,2,Good,10.5,8,0,0,0,2,1,2,2,1,0,1,0,2,0,2,0,JPC,384
SCP-LAKEWACCAMAWEAST4-9453,SCP,LAKEWACCAMAWEAST4,9453,2013,100,1026,71,2,Poor,7.5,6,1,0,0,0,0,0,0,1,0,2,1,2,0,0,0,JPC,626
SCP-LELAND3-9454,SCP,LELAND3,9454,2013,104,0957,63,2,Poor,4,4,1,0,0,0,0,1,0,0,0,2,0,1,0,0,0,JPC,597
SCP-WINNABOW2-9452,SCP,WINNABOW2,9452,2013,100,0855,71,0,Good,9.5,8,1,0,0,0,0,2,0,1,0,1,2,2,0,0,0,JPC,535
SCP-WINNABOW4-903,SCP,WINNABOW4,903,2013,100,0917,71,1,Good,11,8,0,0,0,0,0,2,0,2,0,0,2,2,0,0,0,JPC,557
SCP-LEWISSWAMP4-1023,SCP,LEWISSWAMP4,1023,2013,122,0708,57,0,Poor,3,3,0,0,0,0,0,2,0,0,0,0,0,1,0,0,0,JPC,428
SCP-TOMAHAWK3-13066,SCP,TOMAHAWK3,13066,2013,122,0831,56,2,Good,15.5,13,1,0,0,1,1,2,2,1,2,2,2,2,1,0,0,JPC,511
SCP-ROWAN1-13067,SCP,ROWAN1,13067,2013,122,0852,57,0,Fair,11,10,1,0,0,0,0,2,2,0,2,2,0,2,0,0,0,JPC,532
SCP-SCOTTSHILL2-1083,SCP,SCOTTSHILL2,1083,2013,132,0746,60,1,Poor,5,5,0,0,0,0,0,2,0,0,0,0,2,1,0,0,0,EDG,466
SAN-JEROME4-761,SAN,JEROME4,761,2013,105,0656,54,0,Fair,12.5,10,0,0,0,0,0,2,2,1,0,2,1,2,0,0,0,BS,416
SAN-JEROME4-760,SAN,JEROME4,760,2013,105,0725,55,0,Good,12,11,0,0,0,0,0,2,2,0,1,2,2,2,0,0,0,BS,445
SAN-JEROME4-758,SAN,JEROME4,758,2013,105,0750,55,0,Excellent,16,12,0,0,0,0,0,2,2,2,0,2,2,2,0,0,0,BS,470
SAN-JEROME4-773,SAN,JEROME4,773,2013,105,0825,58,0,Good,13.5,11,0,0,0,1,1,2,2,1,0,2,2,2,1,1,1,BS,505
SAN-JEROME1-365,SAN,JEROME1,365,2013,105,0935,,,Poor,8,7,0,0,0,0,0,1,2,0,0,2,1,1,0,0,0,BS,575
SAN-MARSTON4-590,SAN,MARSTON4,590,2013,106,1004,64,0,Excellent,11,8,0,0,0,0,0,1,0,2,0,2,2,1,0,0,0,MAN,604
SAN-MARSTON4-597,SAN,MARSTON4,597,2013,106,1026,67,2,Excellent,13.5,11,0,0,0,1,1,2,2,1,0,2,2,2,0,1,0,MAN,626
SAN-MARSTON4-766,SAN,MARSTON4,766,2013,106,0817,60,1,Excellent,16,12,0,0,0,2,1,2,2,2,0,2,2,2,1,2,1,MAN,497
SAN-SILVERHILL3-581,SAN,SILVERHILL3,581,2013,106,0851,62,1,Excellent,13.5,11,0,0,0,0,0,2,2,1,0,2,2,2,0,0,0,MAN,531
SAN-MARSTON2-608,SAN,MARSTON2,608,2013,106,0920,64,1,Good,9.5,8,0,0,0,0,0,1,0,1,0,2,2,2,0,0,0,MAN,560
SAN-MARSTON4-596,SAN,MARSTON4,596,2013,106,0947,67,1,Good,9.5,8,0,0,0,0,0,1,0,1,0,2,2,2,0,0,0,MAN,587
SAN-SILVERHILL2-584,SAN,SILVERHILL2,584,2013,107,0807,55,2,Excellent,14.5,11,0,0,0,2,1,2,1,2,0,2,2,2,1,2,1,MAN,487
SAN-NORMAN2-3401,SAN,NORMAN2,3401,2013,107,0750,65,1,Poor,7,7,1,0,0,0,0,1,0,0,0,2,2,2,0,0,0,JFM,470
SAN-NORMAN1-3402,SAN,NORMAN1,3402,2013,107,0908,72,0,Fair,9.5,8,1,0,0,0,0,1,0,1,0,2,2,2,0,0,0,JFM,548
SAN-NORMAN4-8218,SAN,NORMAN4,8218,2013,107,0805,65,0,Good,13.5,11,0,0,0,0,0,2,2,1,0,2,2,2,0,0,0,JFM,485
SAN-NORMAN4-8217,SAN,NORMAN4,8217,2013,107,0827,68,0,Good,12.5,10,1,0,0,0,0,1,2,1,0,2,2,2,0,0,0,JFM,507
SAN-SILVERHILL4-589,SAN,SILVERHILL4,589,2013,107,,,,No habitat,2,2,0,1,1,,0,0,0,0,0,0,2,0,0,0,0,MAN,
SAN-SILVERHILL4-1062,SAN,SILVERHILL4,1062,2013,107,,,,No habitat,4,4,0,1,1,,0,0,0,0,0,2,0,2,0,0,0,MAN,
SAN-SILVERHILL2-587,SAN,SILVERHILL2,587,2013,107,,,,No habitat,4,4,0,1,1,,0,0,0,0,0,2,2,0,0,0,0,MAN,
SAN-WAGRAM3-250,SAN,WAGRAM3,250,2013,107,,,,No habitat,5,5,0,1,1,,0,0,0,0,0,1,2,2,0,0,0,MAN,
SAN-HOFFMAN1-650,SAN,HOFFMAN1,650,2013,108,,,,No habitat,3,3,0,1,1,,0,0,0,0,0,1,1,1,0,0,0,MAN,
SAN-HOFFMAN2-603,SAN,HOFFMAN2,603,2013,108,,,,Poor,4,4,0,1,1,,0,0,0,0,0,2,1,1,0,0,0,MAN,
SAN-HOFFMAN2-601,SAN,HOFFMAN2,601,2013,108,,,,No habitat,3,3,0,1,1,,0,0,0,0,0,2,1,0,0,0,0,MAN,
SAN-WESTEND2-706,SAN,WESTEND2,706,2013,108,,,,No habitat,4,4,0,1,1,,0,0,0,0,0,2,0,2,0,0,0,MAN,
SAN-WESTEND1-28,SAN,WESTEND1,28,2013,108,,,,No habitat,5,5,0,1,1,,0,0,0,0,0,2,1,2,0,0,0,MAN,
SAN-MARSTON3-594,SAN,MARSTON3,594,2013,108,0724,54,3,Fair,6,6,0,0,0,0,0,1,0,0,0,2,1,2,0,0,0,MAN,444
SAN-MARSTON1-579,SAN,MARSTON1,579,2013,108,0741,54,2,Excellent,12,10,0,0,0,0,0,2,1,1,0,2,2,2,0,0,0,MAN,461
SAN-SPIES3-3406,SAN,SPIES3,3406,2013,110,0837,47,0,Poor,4,4,0,0,0,0,0,0,0,0,0,1,2,1,0,0,0,JFM,517
SAN-CANDOR3-8214,SAN,CANDOR3,8214,2013,110,0849,48,2,Fair,9.5,8,0,0,0,0,0,1,0,1,0,2,2,2,0,0,0,JFM,529
SAN-SPIES3-3407,SAN,SPIES3,3407,2013,108,,,,No habitat,5,5,0,1,1,,0,1,0,0,0,2,0,2,0,0,0,JFM,
SAN-SOUTHERNPINES1-185,SAN,SOUTHERNPINES1,185,2013,119,,,,No habitat,2,2,0,1,1,,0,0,0,0,0,1,1,0,0,0,0,JFM,
SAN-CARTHAGE4-9473,SAN,CARTHAGE4,9473,2013,119,,,,No habitat,4,4,0,1,1,,0,0,0,0,0,2,2,0,0,0,0,JFM,
SAN-MARSTON2-13468,SAN,MARSTON2,13468,2013,110,0618,42,1,Excellent,16,12,0,0,0,0,0,2,2,2,0,2,2,2,0,0,0,JFM,378
SAN-GIBSON2-118,SAN,GIBSON2,118,2013,111,0732,42,0,Excellent,16,12,0,0,0,0,0,2,2,2,0,2,2,2,0,0,0,JFM,452
SAN-GIBSON2-119,SAN,GIBSON2,119,2013,111,0752,45,0,Excellent,16,12,0,0,0,0,0,2,2,2,0,2,2,2,0,0,0,JFM,472
SAN-MILLSTONELAKE3-613,SAN,MILLSTONELAKE3,613,2013,111,0643,40,1,Excellent,16,12,0,0,0,2,1,2,2,2,0,2,2,2,0,2,0,MAN,403
SAN-ELLERBE2-9421,SAN,ELLERBE2,9421,2013,111,0818,40,1,Fair,8,8,0,0,0,0,0,2,0,0,0,2,2,2,0,0,0,MAN,498
SAN-MARSTON2-13469,SAN,MARSTON2,13469,2013,111,0635,41,1,Poor,9.5,8,0,0,0,0,0,2,0,1,0,2,1,2,0,0,0,JFM,395
SAN-GISBSON2-3000,SAN,GISBSON2,3000,2013,111,0656,42,0,Good,11.5,9,0,0,0,0,0,2,2,1,0,1,1,2,0,0,0,JFM,416
SAN-ELLERBE4-631,SAN,ELLERBE4,631,2013,111,,,,No habitat,5,5,0,1,1,,0,1,0,0,0,1,2,1,0,0,0,MAN,
SAN-PINELUFF4-715,SAN,PINELUFF4,715,2013,111,,,,No habitat,2,2,0,1,1,,0,0,0,0,0,1,1,0,0,0,0,MAN,
SAN-JEROME3-758,SAN,JEROME3,758,2013,112,1030,60,0,Poor,2,2,0,0,0,0,0,0,0,0,0,2,0,0,0,0,0,BS,630
SAN-MANCHESTER3-741,SAN,MANCHESTER3,741,2013,115,0949,58,2,Fair,9,9,0,0,0,0,0,2,0,0,1,2,2,2,0,0,0,MAN,589
SAN-MARSTON2-580,SAN,MARSTON2,580,2013,106,,,,No habitat,6,6,0,1,1,0,0,1,0,0,0,2,2,1,0,0,0,MAN,
SAN-MARSTON4-595,SAN,MARSTON4,595,2013,106,0752,59,1,Excellent,16,12,0,0,0,1,1,2,2,2,0,2,2,2,0,1,0,MAN,472
SAN-GISBSON2-2999,SAN,GISBSON2,2999,2013,111,0714,42,0,Excellent,13.5,11,0,0,0,1,1,2,2,1,0,2,2,2,0,1,0,JFM,434
SAN-JEROME3-1061,SAN,JEROME3,1061,2013,112,,,,No habitat,3,3,0,1,1,,0,0,0,0,0,2,1,0,0,0,0,BS,
SAN-JEROME3-757,SAN,JEROME3,757,2013,112,,,,No habitat,3,3,0,1,1,,0,0,0,0,0,2,1,0,0,0,0,BS,
SAN-JEROME3-756,SAN,JEROME3,756,2013,112,,,,No habitat,3,3,0,1,1,,0,0,0,0,0,2,1,0,0,0,0,BS,
SAN-MARSTON1-605,SAN,MARSTON1,605,2013,113,,,,Poor,7.5,7,0,1,1,,0,1,1,0,0,1,2,2,0,0,0,MAN,
SAN-HOFFMAN2-3403,SAN,HOFFMAN2,3403,2013,113,1015,62,1,Good,9.5,8,0,0,0,0,0,1,0,1,0,2,2,2,0,0,0,MAN,615
SAN-HAMLET2-578,SAN,HAMLET2,578,2013,113,0743,52,3,Good,13.5,11,0,0,0,0,0,2,2,1,0,2,2,2,0,0,0,MAN,463
SAN-GIBSON1-570,SAN,GIBSON1,570,2013,113,0910,59,1,Excellent,13.5,11,0,0,0,0,0,2,2,1,0,2,2,2,0,0,0,MAN,550
SAN-MARSTON1-606,SAN,MARSTON1,606,2013,113,0615,50,1,Excellent,12.5,10,0,0,0,1,1,2,2,1,0,2,1,2,0,1,0,MAN,375
NFL-ROANOKERAPIDS3-189,NFL,ROANOKERAPIDS3,189,2013,106,1047,68,3,Good,12,9,0,0,0,0,0,1,0,2,0,2,2,2,0,0,0,SKA,647
NFL-HOLLISTER4-176,NFL,HOLLISTER4,176,2013,106,0856,60,1,Poor,5,4,0,0,0,0,0,1,2,0,0,0,0,1,0,0,0,SKA,536
SAN-MARSTON1-575,SAN,MARSTON1,575,2013,113,0721,50,1,Excellent,16,12,0,0,0,2,1,2,2,2,0,2,2,2,0,2,0,MAN,441
SAN-HOFFMAN2-600,SAN,HOFFMAN2,600,2013,113,1029,62,1,Fair,8.5,7,0,0,0,0,0,0,0,1,0,2,2,2,0,0,0,MAN,629
SAN-NORMAN4-679,SAN,NORMAN4,679,2013,49,,,,No habitat,3,3,0,1,1,,0,0,0,0,0,2,1,0,0,0,0,JFM,
SAN-NORMAN2-642,SAN,NORMAN2,642,2013,49,,,,No habitat,3,3,0,1,1,,0,0,0,0,0,2,1,0,0,0,0,JFM,
SAN-HOFFMAN1-651,SAN,HOFFMAN1,651,2013,49,,,,No habitat,0,0,0,1,1,,0,0,0,0,0,0,0,0,0,0,0,JFM,
SAN-WESTEND1-18,SAN,WESTEND1,18,2013,50,,,,No habitat,6,6,0,1,1,,0,2,0,0,0,2,0,2,0,0,0,JFM,
SAN-MILLSTONELAKE4-635,SAN,MILLSTONELAKE4,635,2013,100,0957,62,0,Excellent,15,11,0,0,0,0,0,1,2,2,0,2,2,2,0,0,0,MAN,597
SAN-MANCHESTER4-1785,SAN,MANCHESTER4,1785,2013,115,0757,56,1,Good,10.5,9,0,0,0,0,0,2,0,1,0,2,2,2,0,0,0,MAN,477
SAN-MANCHESTER4-749,SAN,MANCHESTER4,749,2013,115,0818,56,1,Good,10.5,9,0,0,0,1,1,2,0,1,0,2,2,2,0,1,0,MAN,498
SAN-SLOCOMB1-751,SAN,SLOCOMB1,751,2013,115,0625,55,3,Good,13.5,11,0,0,0,0,0,2,2,1,0,2,2,2,0,0,0,MAN,385
SAN-MANCHESTER2-746,SAN,MANCHESTER2,746,2013,115,0717,55,1,Fair,9.5,8,0,0,0,0,0,1,0,1,0,2,2,2,0,0,0,MAN,437
SAN-AMMON1-366,SAN,AMMON1,366,2013,115,0830,55,0,Poor,7,7,0,0,0,0,0,1,0,0,1,1,2,2,0,0,0,BS,510
SAN-JEROME3-1060,SAN,JEROME3,1060,2013,115,0905,60,1,,6,6,0,0,0,0,0,0,0,0,0,2,2,2,0,0,0,BS,545
SAN-ZIONGROVE3-691,SAN,ZIONGROVE3,691,2013,115,0751,48,1,Good,11,10,0,0,0,0,0,2,2,0,0,2,2,2,0,0,0,JFM,471
SAN-ZIONGROVE3-9460,SAN,ZIONGROVE3,9460,2013,115,0849,70,1,Fair,9.5,8,1,0,0,0,0,2,0,1,0,2,2,1,0,0,0,JFM,529
SAN-ZIONGROVE1-9461,SAN,ZIONGROVE1,9461,2013,115,0950,72,1,Fair,9,8,0,0,0,0,0,1,2,0,0,1,2,2,0,0,0,JFM,590
SAN-ZIONGROVE1-9462,SAN,ZIONGROVE1,9462,2013,115,1002,66,1,Poor,7,7,0,0,0,0,0,2,0,0,0,1,2,2,0,0,0,JFM,602
SAN-AUTRYVILLE3-352,SAN,AUTRYVILLE3,352,2013,115,,,,No habitat,6,6,0,1,1,,0,0,0,0,0,2,2,2,0,0,0,BS,
SAN-AUTRYVILLE3-351,SAN,AUTRYVILLE3,351,2013,115,,,,No habitat,3,3,0,1,1,,0,0,0,0,0,2,1,0,0,0,0,BS,
SAN-ZIONGROVE1-696,SAN,ZIONGROVE1,696,2013,115,,,,No habitat,5,5,0,1,1,,0,0,0,0,0,2,2,1,0,0,0,JFM,
SAN-ZIONGROVE1-697,SAN,ZIONGROVE1,697,2013,115,,,,No habitat,5,4,0,1,1,,0,0,2,0,0,0,2,0,0,0,0,JFM,
SAN-ZIONGROVE1-698,SAN,ZIONGROVE1,698,2013,115,,,,No habitat,6,5,0,1,1,,0,0,2,0,0,0,2,1,0,0,0,JFM,
SAN-WHITEHILL1-541,SAN,WHITEHILL1,541,2013,119,0959,68,0,Fair,11.5,9,0,0,0,0,0,1,2,1,0,2,2,1,0,0,0,JFM,599
SAN-HOFFMAN2-3404,SAN,HOFFMAN2,3404,2013,119,0716,63,1,Excellent,16,12,0,0,0,1,1,2,2,2,0,2,2,2,0,1,0,MAN,436
SAN-ELIZABETHNORTH2-775,SAN,ELIZABETHNORTH2,775,2013,121,1042,63,1,Fair,11,10,0,0,0,0,0,1,2,0,2,2,1,2,0,0,0,MAN,642
SAN-DUART2-1057,SAN,DUART2,1057,2013,121,0750,60,1,Poor,9,9,0,0,0,0,0,1,0,0,2,2,2,2,0,0,0,BS,470
SAN-DUART2-1056,SAN,DUART2,1056,2013,121,0820,60,1,Poor,10.5,8,0,0,0,0,0,0,2,1,0,2,1,2,0,0,0,BS,500
SAN-ZIONGROVE1-694,SAN,ZIONGROVE1,694,2013,121,1049,64,1,Excellent,16,12,0,0,0,1,1,2,2,2,0,2,2,2,0,1,0,JFM,649
SAN-ZIONGROVE1-10262,SAN,ZIONGROVE1,10262,2013,121,0912,57,2,Excellent,17,13,1,0,0,1,1,2,2,2,1,2,2,2,0,1,0,JFM,552
SAN-ZIONGROVE1-10263,SAN,ZIONGROVE1,10263,2013,121,0931,57,2,Excellent,16,12,1,0,0,1,1,2,2,2,1,2,2,1,0,1,0,JFM,571
SAN-ZIONGROVE1-10264,SAN,ZIONGROVE1,10264,2013,121,0949,58,1,Excellent,17,13,1,0,0,1,1,2,2,2,1,2,2,2,0,1,0,JFM,589
SAN-ZIONGROVE1-693,SAN,ZIONGROVE1,693,2013,121,1007,59,1,Excellent,16,12,0,0,0,0,0,2,2,2,0,2,2,2,0,0,0,JFM,607
SAN-ZIONGROVE1-10261,SAN,ZIONGROVE1,10261,2013,121,0845,58,2,Excellent,17,13,1,0,0,0,0,2,2,2,1,2,2,2,0,0,0,JFM,525
SAN-ZIONGROVE1-695,SAN,ZIONGROVE1,695,2013,121,0857,57,2,Excellent,17,13,0,0,0,2,1,2,2,2,1,2,2,2,0,2,0,JFM,537
SAN-SOUTHERNPINES3-708,SAN,SOUTHERNPINES3,708,2013,122,0959,62,2,Poor,5,5,0,0,0,0,0,1,0,0,0,2,1,1,0,0,0,NH,599
SAN-SOUTHERNPINES2-729,SAN,SOUTHERNPINES2,729,2013,127,0750,58,1,Poor,5,5,0,0,0,0,0,1,0,0,0,2,1,1,0,0,0,GC,470
SAN-AUTRYVILLE3-358,SAN,AUTRYVILLE3,358,2013,122,0755,66,0,Poor,8.5,7,0,0,0,0,0,1,0,1,0,2,2,1,0,0,0,BS,475
SAN-AMMON2-442,SAN,AMMON2,442,2013,122,0925,67,1,Fair,11,10,0,0,0,0,0,1,2,0,2,2,1,2,0,0,0,BS,565
SAN-MARSTON3-388,SAN,MARSTON3,388,2013,122,1020,62,1,Good,14,10,0,0,0,0,0,1,2,2,0,2,2,1,0,0,0,JFM,620
SCP-SINGLETARYLAKE1-785,SCP,SINGLETARYLAKE1,785,2013,120,0816,55,0,Poor,8,7,0,0,0,0,0,2,2,0,0,0,1,2,0,0,0,BS,496
SAN-NICHOLSONCREEK1-710,SAN,NICHOLSONCREEK1,710,2013,120,0930,60,1,Fair,10.5,8,0,0,0,0,0,1,2,1,0,2,1,1,0,0,0,GC,570
SAN-NICHOLSONCREEK1-709,SAN,NICHOLSONCREEK1,709,2013,120,0954,60,1,Good,11.5,9,0,0,0,1,1,1,2,1,0,2,1,2,0,1,0,GC,594
SAN-NICHOLSONCREEK1-711,SAN,NICHOLSONCREEK1,711,2013,120,1015,60,1,Good,11.5,9,0,0,0,1,1,1,2,1,0,2,1,2,1,0,0,GC,615
SAN-NICHOLSONCREEK1-712,SAN,NICHOLSONCREEK1,712,2013,120,1040,60,2,Good,11.5,9,0,0,0,1,1,1,2,1,0,2,1,2,0,1,0,GC,640
SAN-NIAGRA1-734,SAN,NIAGRA1,734,2013,121,0905,58,1,Good,12.5,10,0,0,0,2,1,1,2,1,0,2,2,2,2,1,1,GC,545
SAN-NIAGRA3-739,SAN,NIAGRA3,739,2013,121,0930,59,2,Excellent,16,12,0,0,0,1,1,2,2,2,0,2,2,2,0,1,0,GC,570
SAN-NIAGRA3-738,SAN,NIAGRA3,738,2013,121,1040,59,1,Excellent,16,12,0,0,0,4,1,2,2,2,0,2,2,2,3,4,3,GC,640
SAN-NIAGRA1-733,SAN,NIAGRA1,733,2013,121,0845,58,1,Excellent,16,12,0,0,0,2,1,2,2,2,0,2,2,2,0,2,0,GC,525
SAN-NIAGRA3-737,SAN,NIAGRA3,737,2013,121,0955,59,1,Excellent,16,12,0,0,0,3,1,2,2,2,0,2,2,2,0,3,0,GC,595
SAN-NIAGRA1-736,SAN,NIAGRA1,736,2013,121,1015,59,1,Excellent,16,12,0,0,0,4,1,2,2,2,0,2,2,2,1,4,1,GC,615
SAN-PINEBLUFF3-11863,SAN,PINEBLUFF3,11863,2013,122,0621,55,3,Good,14,10,1,0,0,0,0,1,2,2,0,2,1,2,0,0,0,JFM,381
SAN-SILVERHILL1-11864,SAN,SILVERHILL1,11864,2013,122,0640,55,1,Fair,13,10,1,0,0,0,0,2,0,2,0,2,2,2,0,0,0,JFM,400
SAN-MARSTON3-11865,SAN,MARSTON3,11865,2013,122,0925,62,1,Fair,13,10,1,0,0,0,0,2,0,2,0,2,2,2,0,0,0,JFM,565
SAN-MARSTON3-11867,SAN,MARSTON3,11867,2013,122,0930,62,2,Fair,12,9,1,0,0,0,0,1,0,2,0,2,2,2,0,0,0,JFM,570
SAN-MARSTON4-11866,SAN,MARSTON4,11866,2013,122,0945,62,1,Fair,9.5,8,1,0,0,0,0,1,0,1,0,2,2,2,0,0,0,JFM,585
SAN-MARSTON3-11868,SAN,MARSTON3,11868,2013,122,1000,62,1,Fair,12.5,10,0,0,0,1,1,1,2,1,0,2,2,2,0,1,0,JFM,600
SAN-PINEBLUFF4-398,SAN,PINEBLUFF4,398,2013,122,0819,58,2,Good,15,11,0,0,0,1,1,1,2,2,0,2,2,2,0,0,0,NH,499
SAN-MCCAIN3-714,SAN,MCCAIN3,714,2013,122,0845,59,2,Good,12.5,10,0,0,0,0,0,2,2,1,0,1,2,2,0,0,0,NH,525
SAN-CANDOR4-8215,SAN,CANDOR4,8215,2013,125,0707,59,1,Fair,9.5,8,0,0,0,0,0,1,0,1,0,2,2,2,0,0,0,MAN,427
SAN-GIBSON2-13470,SAN,GIBSON2,13470,2013,126,0909,55,2,Good,12,9,1,0,0,0,0,1,0,2,0,2,2,2,0,0,0,MAN,549
SAN-MARSTON2-9464,SAN,MARSTON2,9464,2013,126,0827,54,2,Good,13,10,0,0,0,0,0,2,0,2,0,2,2,2,0,0,0,MAN,507
SCP-WHITELAKE3-778,SCP,WHITELAKE3,778,2013,126,0800,60,1,Fair,8.5,7,0,0,0,0,0,1,0,1,0,2,1,2,0,0,0,BS,480
SAN-AMMON1-436,SAN,AMMON1,436,2013,132,0735,45,0,Fair,10,9,0,0,0,0,0,1,2,0,1,1,2,2,0,0,0,BS,455
SAN-SOUTHERNPINES2-867,SAN,SOUTHERNPINES2,867,2013,127,0845,59,2,Fair,9,8,0,0,0,0,0,2,2,0,0,2,1,1,0,0,0,GC,525
SAN-SOUTHERNPINES2-722,SAN,SOUTHERNPINES2,722,2013,127,0930,60,1,Good,12.5,10,0,0,0,1,1,1,2,1,0,2,2,2,0,1,0,GC,570
SAN-WESTEND1-21,SAN,WESTEND1,21,2013,129,0750,57,1,Excellent,16,12,0,0,0,1,1,2,2,2,0,2,2,2,1,1,1,MAN,470
SAN-WESTEND2-769,SAN,WESTEND2,769,2013,129,1055,78,1,Poor,6,6,0,0,0,0,0,1,0,0,0,2,1,2,0,0,0,MAN,655
SAN-WESTEND3-175,SAN,WESTEND3,175,2013,129,0801,65,1,Excellent,15,11,0,0,0,0,0,1,2,2,0,2,2,2,0,0,0,JFM,481
SAN-WESTEND3-13481,SAN,WESTEND3,13481,2013,129,0835,70,0,Good,16,12,1,0,0,0,0,2,2,2,0,2,2,2,0,0,0,JFM,515
NFL-LITTLETON4-177,NFL,LITTLETON4,177,2013,106,0918,65,0,Poor,6,5,0,0,0,0,0,1,2,0,0,1,1,0,0,0,0,SKA,558
SAN-WESTEND3-13479,SAN,WESTEND3,13479,2013,129,0849,65,0,Good,14,10,1,0,0,0,0,1,2,2,0,1,2,2,0,0,0,JFM,529
SAN-WESTEND2-556,SAN,WESTEND2,556,2013,129,1017,72,2,Good,14,10,1,0,0,0,0,1,2,2,0,1,2,2,0,0,0,JFM,617
SAN-SOUTHERNPINES2-730,SAN,SOUTHERNPINES2,730,2013,129,0915,65,1,Fair,9.5,8,0,0,0,0,0,2,0,1,0,2,1,2,0,0,0,GC,555
SAN-NIAGRA1-732,SAN,NIAGRA1,732,2013,129,1000,75,1,Good,14,10,0,0,0,0,0,1,2,2,0,2,1,2,0,0,0,GC,600
SAN-PINEBLUFF1-669,SAN,PINEBLUFF1,669,2013,132,1000,58,1,Excellent,16,12,0,0,0,0,0,2,2,2,0,2,2,2,0,0,0,NH,600
SAN-AMMON1-432,SAN,AMMON1,432,2013,132,0835,50,0,Fair,11.5,9,0,0,0,0,0,1,2,1,0,2,1,2,0,0,0,BS,515
SAN-AMMON1-433,SAN,AMMON1,433,2013,132,0805,50,0,Fair,11,10,0,0,0,0,0,1,2,0,1,2,2,2,0,0,0,BS,485
SAN-AMMON1-434,SAN,AMMON1,434,2013,132,0820,50,0,Poor,8,7,0,0,0,0,0,0,2,0,0,2,1,2,0,0,0,BS,500
SAN-PINEBLUFF1-670,SAN,PINEBLUFF1,670,2013,132,1017,58,2,Fair,9,8,0,0,0,0,0,2,2,0,0,2,0,2,0,0,0,NH,617
SAN-LOBELIA1-13475,SAN,LOBELIA1,13475,2013,132,0819,60,1,Good,16,12,1,0,0,0,0,2,2,2,0,2,2,2,0,0,0,JFM,499
SAN-LOBELIA1-13477,SAN,LOBELIA1,13477,2013,132,0854,62,0,Fair,12.5,10,1,0,0,0,0,2,2,1,0,1,2,2,0,0,0,JFM,534
SAN-LOBELIA1-13474,SAN,LOBELIA1,13474,2013,132,0906,60,1,Good,15,11,1,0,0,0,0,2,2,2,0,1,2,2,0,0,0,JFM,546
SAN-NIAGRA1-13478,SAN,NIAGRA1,13478,2013,132,0950,66,1,Fair,12,9,1,0,0,0,0,2,0,2,0,2,1,2,0,0,0,JFM,590
SAN-SOUTHERNPINES2-726,SAN,SOUTHERNPINES2,726,2013,133,0959,60,1,Fair,11,10,0,0,0,0,0,2,2,0,1,2,1,2,0,0,0,NH,599
SAN-SOUTHERNPINES2-727,SAN,SOUTHERNPINES2,727,2013,133,1016,61,,Poor,7,6,0,0,0,0,0,1,2,0,0,1,1,1,0,0,0,NH,616
SAN-WAGRAM1-13483,SAN,WAGRAM1,13483,2013,133,0823,55,0,Fair,11,8,1,0,0,0,0,0,0,2,0,2,2,2,0,0,0,JFM,503
SAN-WAGRAM1-660,SAN,WAGRAM1,660,2013,133,0835,55,0,Fair,12.5,10,0,0,0,0,0,1,2,1,0,2,2,2,0,0,0,JFM,515
SAN-WAGRAM1-13484,SAN,WAGRAM1,13484,2013,133,0846,58,1,Fair,11,8,1,0,0,0,0,0,0,2,0,2,2,2,0,0,0,JFM,526
SAN-WAGRAM1-13485,SAN,WAGRAM1,13485,2013,133,1040,62,1,Good,14,10,1,0,0,0,0,1,2,2,0,2,1,2,0,0,0,JFM,640
SAN-PINEBLUFF4-13486,SAN,PINEBLUFF4,13486,2013,133,1124,64,2,Good,16,12,1,0,0,0,0,2,2,2,0,2,2,2,0,0,0,JFM,684
SAN-PINEBLUFF4-13487,SAN,PINEBLUFF4,13487,2013,133,1136,65,3,Good,16,12,1,0,0,0,0,2,2,2,0,2,2,2,0,0,0,JFM,696
SAN-PINEBLUFF1-664,SAN,PINEBLUFF1,664,2013,136,0740,65,0,Poor,6,6,0,0,0,0,0,0,0,0,2,2,2,0,0,0,0,JFM,460
SAN-PINEBLUFF1-663,SAN,PINEBLUFF1,663,2013,136,0802,69,0,Poor,8.5,7,0,0,0,0,0,0,0,1,0,2,2,2,0,0,0,JFM,482
SAN-HOFFMAN4-657,SAN,HOFFMAN4,657,2013,136,0857,70,0,Good,14,10,0,0,0,1,1,1,2,2,0,2,2,1,1,1,1,JFM,537
SAN-HOFFMAN4-14288,SAN,HOFFMAN4,14288,2013,136,1019,75,1,Fair,9.5,8,1,0,0,0,0,2,0,1,0,2,2,1,0,0,0,JFM,619
SAN-WESTEND2-14289,SAN,WESTEND2,14289,2013,136,1032,76,1,Fair,12.5,10,1,0,0,0,0,2,2,1,0,2,1,2,0,0,0,JFM,632
SAN-HOFFMAN4-14294,SAN,HOFFMAN4,14294,2013,136,0915,71,0,Fair,12.5,10,1,0,0,0,0,2,2,1,0,2,2,1,0,0,0,JFM,555
SAN-HOFFMAN4-14293,SAN,HOFFMAN4,14293,2013,136,0926,73,0,Good,14.5,11,1,0,0,1,1,2,1,2,0,2,2,2,0,1,0,JFM,566
SAN-HOFFMAN4-14290,SAN,HOFFMAN4,14290,2013,136,0937,74,1,Excellent,17,13,1,0,0,1,1,2,2,2,1,2,2,2,0,1,0,JFM,577
SAN-HOFFMAN4-14292,SAN,HOFFMAN4,14292,2013,136,1002,76,0,Fair,9.5,8,1,0,0,0,0,2,0,1,0,2,1,2,0,0,0,JFM,602
SAN-SILVERHILL2-586,SAN,SILVERHILL2,586,2013,140,0920,68,1,Good,14,10,0,0,0,0,0,1,2,2,0,1,2,2,0,0,0,JFM,560
SAN-SILVERHILL2-585,SAN,SILVERHILL2,585,2013,140,1021,75,1,Fair,8.5,7,0,0,0,0,0,1,0,1,0,2,2,1,0,0,0,JFM,621
SAN-MANCHESTER3-742,SAN,MANCHESTER3,742,2013,150,0920,77,1,Fair,9,8,0,0,0,1,1,2,2,0,0,0,2,2,0,1,0,NH,560
SAN-MANCHESTER2-747,SAN,MANCHESTER2,747,2013,150,1012,79,0,Fair,8.5,7,0,0,0,0,0,2,0,1,0,1,1,2,0,0,0,NH,612
NFL-KENLEYEAST4-130,NFL,KENLEYEAST4,130,2013,105,0931,60,0,Poor,6,6,0,0,0,0,0,2,0,0,0,0,2,2,0,0,0,SKA,571
SAN-MANCHESTER4-67,SAN,MANCHESTER4,67,2013,150,1107,79,1,Fair,10.5,8,0,0,0,0,0,1,2,1,0,1,1,2,0,0,0,NH,667
SAN-ROWLAND1-265,SAN,ROWLAND1,265,2013,154,0841,74,1,Poor,9,8,1,0,0,0,0,2,2,0,0,0,2,2,0,0,0,JFM,521
SAN-ROWLAND1-268,SAN,ROWLAND1,268,2013,154,0851,76,1,Fair,12,11,0,0,0,0,0,2,2,0,2,1,2,2,0,0,0,JFM,531
SAN-ROWLAND1-267,SAN,ROWLAND1,267,2013,154,0930,78,1,Fair,9,8,0,0,0,0,0,2,2,0,0,0,2,2,0,0,0,JFM,570
SAN-AMMON1-54,SAN,AMMON1,54,2012,117,0720,65,0,Poor,7.5,6,0,0,0,0,0,0,0,1,0,2,2,1,0,0,0,BS,440
NFL-WINSTEADCROSSROADS4-136,NFL,WINSTEADCROSSROADS4,136,2012,128,,,,Fair,9,9,0,1,0,,0,2,0,0,2,2,1,2,0,0,0,SKA,
SAN-AMMON2-445,SAN,AMMON2,445,2012,128,0753,63,2,Fair,7.5,6,0,0,0,0,0,0,0,1,0,2,1,2,0,0,0,KKJ,473
SAN-AMMON3-31,SAN,AMMON3,31,2012,117,0650,60,0,Poor,6.5,5,0,0,0,0,0,0,0,1,0,2,2,0,0,0,0,BS,410
SAN-AMMON3-33,SAN,AMMON3,33,2012,120,0640,60,0,No habitat,2.5,2,0,0,1,0,0,0,1,0,0,0,1,0,0,0,0,BS,400
SAN-AMMON3-34,SAN,AMMON3,34,2012,120,0700,60,0,Poor,4.5,4,0,0,0,0,0,1,1,0,0,0,1,1,0,0,0,BS,420
SAN-AMMON3-35,SAN,AMMON3,35,2012,117,0630,60,2,Poor,7.5,6,0,0,0,0,0,0,0,1,0,1,2,2,0,0,0,BS,390
SAN-AMMON3-37,SAN,AMMON3,37,2012,117,0820,65,0,Poor,4,4,0,0,0,0,0,0,0,0,0,2,0,2,0,0,0,BS,500
SAN-AMMON3-38,SAN,AMMON3,38,2012,114,0700,40,0,Poor,6.5,5,0,0,0,0,0,2,0,1,0,1,0,1,0,0,0,BS,420
SAN-AMMON3-39,SAN,AMMON3,39,2012,120,0830,65,,Poor,2,2,0,0,1,0,0,0,0,0,0,1,1,0,0,0,0,BS,510
SAN-PINEBLUFF3-142,SAN,PINEBLUFF3,142,2012,116,0718,63,0,Excellent,15,11,0,0,0,0,0,2,2,2,0,1,2,2,0,0,0,KKJ,438
SAN-SILVERHILL1-93,SAN,SILVERHILL1,93,2012,116,0632,60,0,Fair,10,8,0,0,0,0,0,2,1,1,0,1,1,2,0,0,0,KKJ,392
SAN-MARSTON4-82,SAN,MARSTON4,82,2012,116,0648,63,0,Good,14.5,12,0,0,0,0,0,2,2,1,1,2,2,2,0,0,0,KKJ,408
SAN-MARSTON4-87,SAN,MARSTON4,87,2012,115,0657,55,0,Poor,4,4,0,0,0,0,0,0,0,0,1,0,1,2,0,0,0,KKJ,417
SAN-MARSTON4-89,SAN,MARSTON4,89,2012,115,0714,55,0,Good,11,9,0,0,0,0,0,2,1,1,0,1,2,2,0,0,0,KKJ,434
SAN-SILVERHILL1-337,SAN,SILVERHILL1,337,2012,116,0734,63,0,Good,14.5,12,1,0,0,2,1,2,2,1,1,2,2,2,0,2,0,KKJ,454
SAN-SILVERHILL1-137,SAN,SILVERHILL1,137,2012,116,0614,60,0,Good,15,11,0,0,0,1,1,2,2,2,0,1,2,2,0,1,0,KKJ,374
SAN-SILVERHILL1-141,SAN,SILVERHILL1,141,2012,116,0704,60,1,Fair,11,9,0,0,0,0,0,2,1,1,0,1,2,2,0,0,0,KKJ,424
SAN-CHESSON-292,SAN,CHESSON,292,2012,117,0909,67,0,Fair,11,10,0,0,0,0,0,1,2,0,1,2,2,2,0,0,0,KKJ,549
SAN-CHESSON-291,SAN,CHESSON,291,2012,117,,,,Good,13.5,11,0,0,0,0,0,2,2,1,0,2,2,2,0,0,0,KKJ,
SAN-HARRISVILLE1-280,SAN,HARRISVILLE1,280,2012,117,0821,65,0,Poor,7.5,6,0,0,0,0,0,0,0,1,0,2,1,2,0,0,0,KKJ,501
SAN-HARRISVILLE3-285,SAN,HARRISVILLE3,285,2012,117,0653,62,1,Poor,4,4,0,0,0,0,0,0,0,0,0,1,1,2,0,0,0,KKJ,413
SAN-HARRISVILLE1-341,SAN,HARRISVILLE1,341,2012,117,0708,62,1,Fair,8.5,7,0,0,0,0,0,0,0,1,0,2,2,2,0,0,0,KKJ,428
SAN-HARRISVILLE3-290,SAN,HARRISVILLE3,290,2012,117,0620,60,1,Fair,11,8,0,0,0,0,0,0,0,2,0,2,2,2,0,0,0,KKJ,380
SAN-HARRISVILLE3-342,SAN,HARRISVILLE3,342,2012,117,0638,62,1,Fair,8.5,7,0,0,0,0,0,0,0,1,0,2,2,2,0,0,0,KKJ,398
SAN-MARSTON3-387,SAN,MARSTON3,387,2012,123,1012,75,0,Poor,8.5,8,0,0,0,0,0,2,1,0,0,1,2,2,0,0,0,KKJ,612
SAN-MARSTON3-389,SAN,MARSTON3,389,2012,123,1025,75,0,Fair,11,9,0,0,0,0,0,2,1,1,0,2,1,2,0,0,0,KKJ,625
SAN-HAMLET2-381,SAN,HAMLET2,381,2012,123,0656,71,1,Fair,9.5,8,0,0,0,0,0,2,0,1,0,2,2,1,0,0,0,KKJ,416
SAN-HAMLET2-377,SAN,HAMLET2,377,2012,123,0727,72,1,Fair,12.5,10,0,0,0,0,0,2,2,1,0,2,1,2,0,0,0,KKJ,447
SAN-HAMLET2-379,SAN,HAMLET2,379,2012,123,0745,70,0,Good,14,10,0,0,0,0,0,2,2,2,0,2,1,1,0,0,0,KKJ,465
SAN-HAMLET2-376,SAN,HAMLET2,376,2012,123,,,,Good,13.5,10,0,0,0,0,0,2,1,2,0,2,1,2,0,0,0,KKJ,
SAN-MARSTON1-382,SAN,MARSTON1,382,2012,123,,,,Good,12.5,10,0,0,0,0,0,1,2,1,1,2,1,2,0,0,0,KKJ,
SAN-RENNERT3-402,SAN,RENNERT3,402,2012,124,0631,60,1,Poor,8.5,7,0,0,0,0,0,0,0,1,0,2,2,2,0,0,0,KKJ,391
SAN-DUART1-413,SAN,DUART1,413,2012,124,,,,Poor,5,5,0,0,0,0,0,0,0,0,0,1,2,2,0,0,0,KKJ,
SAN-RENNERT4-403,SAN,RENNERT4,403,2012,124,0647,62,0,Fair,8.5,7,0,0,0,0,0,0,0,1,0,2,2,2,0,0,0,KKJ,407
SAN-RENNERT4-404,SAN,RENNERT4,404,2012,124,0704,62,2,Fair,10.5,8,0,0,0,0,0,2,2,1,0,1,1,1,0,0,0,KKJ,424
SAN-RENNERT4-405,SAN,RENNERT4,405,2012,94,0721,65,1,Poor,8.5,7,0,0,0,0,0,0,0,1,0,2,2,2,0,0,0,KKJ,441
SAN-BEARSKIN3-469,SAN,BEARSKIN3,469,2012,128,1016,70,1,Fair,10,8,0,0,0,0,0,1,1,1,0,2,2,1,0,0,0,KKJ,616
SAN-BONNETSVILLE1-470,SAN,BONNETSVILLE1,470,2012,128,1040,75,1,Good,15,11,0,0,0,0,0,2,2,2,0,1,2,2,0,0,0,KKJ,640
SAN-BONNETSVILLE1-97,SAN,BONNETSVILLE1,97,2012,128,1028,75,1,Excellent,16,12,0,0,0,0,0,2,2,2,0,2,2,2,0,0,0,KKJ,628
SAN-BONNETSVILLE2-461,SAN,BONNETSVILLE2,461,2012,128,0844,66,0,Fair,8,8,0,0,0,0,0,1,0,0,1,2,2,2,0,0,0,KKJ,524
SAN-AMMON2-438,SAN,AMMON2,438,2012,128,0805,65,2,Fair,10,7,0,0,0,0,0,0,0,2,0,2,1,2,0,0,0,KKJ,485
SAN-AUTRYVILLE1-429,SAN,AUTRYVILLE1,429,2012,128,0615,55,1,Poor,8,7,0,0,0,0,0,1,2,0,0,1,1,2,0,0,0,KKJ,375
SAN-AUTRYVILLE2-430,SAN,AUTRYVILLE2,430,2012,129,0901,68,1,Fair,11,8,0,0,0,0,0,0,0,2,0,2,2,2,0,0,0,KKJ,541
SAN-AUTRYVILLE2-347,SAN,AUTRYVILLE2,347,2012,129,0918,70,0,Fair,11.5,9,0,0,0,0,0,2,2,1,0,1,2,1,0,0,0,KKJ,558
SAN-VANDER2-478,SAN,VANDER2,478,2012,129,1002,73,0,Fair,9.5,8,0,0,0,0,0,0,0,1,1,2,2,2,0,0,0,KKJ,602
SAN-VANDER2-480,SAN,VANDER2,480,2012,129,1029,74,1,Fair,8.5,7,0,0,0,0,0,0,0,1,0,2,2,2,0,0,0,KKJ,629
SAN-ELIZABETHNORTH1-423,SAN,ELIZABETHNORTH1,423,2012,129,0754,67,0,Fair,11,10,0,0,0,0,0,2,2,0,1,1,2,2,0,0,0,KKJ,474
SAN-AUTRYVILLE3-350,SAN,AUTRYVILLE3,350,2012,129,0836,67,2,Poor,7.5,6,0,0,0,0,0,1,0,1,0,2,1,1,0,0,0,KKJ,516
SAN-ELIZABETHNORTH1-424,SAN,ELIZABETHNORTH1,424,2012,129,0712,65,2,Fair,8.5,8,0,0,0,0,0,1,1,0,1,2,1,2,0,0,0,KKJ,432
SAN-ELIZABETHNORTH1-428,SAN,ELIZABETHNORTH1,428,2012,129,0739,,,Poor,4,4,0,0,0,0,0,1,0,0,0,0,2,1,0,0,0,KKJ,459
SAN-ELIZABETHNORTH1-420,SAN,ELIZABETHNORTH1,420,2012,129,0609,65,0,Poor,4,4,0,0,0,0,0,1,0,0,0,1,0,2,0,0,0,KKJ,369
SAN-ELIZABETHNORTH1-421,SAN,ELIZABETHNORTH1,421,2012,129,0657,65,1,Good,12.5,10,0,0,0,0,0,2,2,1,1,1,1,2,0,0,0,KKJ,417
SAN-ELIZABETHNORTH1-427,SAN,ELIZABETHNORTH1,427,2012,129,0628,65,1,Poor,6.5,6,0,0,0,0,0,2,1,0,0,1,1,1,0,0,0,KKJ,388
SAN-ELIZABETHNORTH1-422,SAN,ELIZABETHNORTH1,422,2012,129,0641,65,0,Poor,6,6,0,0,0,0,0,2,0,0,0,0,2,2,0,0,0,KKJ,401
SAN-CLIFDALE1-306,SAN,CLIFDALE1,306,2012,130,1026,70,1,Poor,5,5,0,0,0,0,0,1,0,0,0,1,1,2,0,0,0,KKJ,626
SAN-NICHOLSONCREEK3-304,SAN,NICHOLSONCREEK3,304,2012,130,0929,66,1,Good,12.5,10,0,0,0,1,1,1,2,1,1,2,2,1,0,1,0,KKJ,569
SAN-NICHOLSONCREEK3-302,SAN,NICHOLSONCREEK3,302,2012,130,0943,66,1,Fair,8.5,8,0,0,0,1,1,1,1,0,1,1,2,2,0,1,0,KKJ,583
SAN-NICHOLSONCREEK3-294,SAN,NICHOLSONCREEK3,294,2012,130,0858,65,0,Fair,9,7,0,0,0,2,1,1,1,1,1,1,1,1,0,2,0,KKJ,538
SAN-NICHOLSONCREEK3-305,SAN,NICHOLSONCREEK3,305,2012,130,0911,65,0,Fair,10,8,0,0,0,1,1,2,1,1,0,2,1,1,1,0,0,KKJ,551
SAN-NICHOLSONCREEK3-295,SAN,NICHOLSONCREEK3,295,2012,131,1055,70,0,Fair,8.5,7,0,0,0,0,0,1,0,1,0,1,2,2,0,0,0,KKJ,655
SAN-NICHOLSONCREEK3-296,SAN,NICHOLSONCREEK3,296,2012,131,1105,72,0,Fair,8.5,7,0,0,0,0,0,1,0,1,0,2,1,2,0,0,0,KKJ,665
SAN-PINEBLUFF3-145,SAN,PINEBLUFF3,145,2012,130,0730,58,1,Fair,11,9,0,0,0,1,1,2,1,1,0,2,2,1,0,1,0,KKJ,450
SAN-PINEBLUFF3-144,SAN,PINEBLUFF3,144,2012,130,0757,60,1,Fair,11,10,0,0,0,0,0,2,2,0,1,1,2,2,0,0,0,KKJ,477
NFL-HOLLISTER1-175,NFL,HOLLISTER1,175,2013,106,0723,60,2,Poor,7.5,6,0,0,0,0,0,0,0,1,0,2,1,2,0,0,0,SKA,443
SAN-NICHOLSONCREEK3-303,SAN,NICHOLSONCREEK3,303,2012,130,0846,63,1,Poor,7,7,0,0,0,0,0,0,0,0,1,2,2,2,0,0,0,KKJ,526
SAN-PINEBLUFF3-150,SAN,PINEBLUFF3,150,2012,130,0656,56,1,Poor,7.5,7,0,0,0,0,0,2,1,0,0,1,2,1,0,0,0,KKJ,416
SAN-PINEBLUFF3-149,SAN,PINEBLUFF3,149,2012,130,0643,55,2,Poor,6.5,6,0,0,0,0,0,2,1,0,0,0,2,1,0,0,0,KKJ,403
SAN-PINEBLUFF3-147,SAN,PINEBLUFF3,147,2012,130,0630,55,0,Fair,11.5,9,0,0,0,1,1,1,2,1,0,2,1,2,0,1,0,KKJ,390
SAN-LOBELIA4-330,SAN,LOBELIA4,330,2012,130,1045,73,1,Good,15,11,0,0,0,0,0,1,2,2,0,2,2,2,0,0,0,KKJ,645
SAN-NIAGRA2-210,SAN,NIAGRA2,210,2012,131,0602,53,0,Fair,11,9,0,0,0,1,1,2,1,1,0,1,2,2,0,1,0,KKJ,362
SAN-NIAGRA2-211,SAN,NIAGRA2,211,2012,130,0613,53,0,Fair,8.5,8,0,0,0,0,0,2,1,0,0,1,2,2,0,0,0,KKJ,373
SAN-LOBELIA1-227,SAN,LOBELIA1,227,2012,131,0702,55,0,Good,11.5,9,0,0,0,0,0,2,2,1,0,1,1,2,0,0,0,KKJ,422
SAN-LOBELIA1-222,SAN,LOBELIA1,222,2012,131,0717,56,0,Good,11,9,0,0,0,2,1,2,1,1,1,2,1,1,1,2,1,KKJ,437
SAN-LOBELIA1-225,SAN,LOBELIA1,225,2012,131,0647,55,1,Fair,10.5,8,0,0,0,0,0,2,2,1,0,0,1,2,0,0,0,KKJ,407
SAN-LOBELIA4-326,SAN,LOBELIA4,326,2012,131,1003,65,0,Good,14,10,0,0,0,2,1,2,2,2,0,1,1,2,0,2,0,KKJ,603
SAN-LOBELIA4-327,SAN,LOBELIA4,327,2012,131,1015,65,0,Fair,8.5,7,0,0,0,0,0,2,0,1,0,2,0,2,0,0,0,KKJ,615
SAN-LOBELIA4-329,SAN,LOBELIA4,329,2012,131,1041,67,0,Fair,8.5,7,0,0,0,0,0,2,0,1,0,1,1,2,0,0,0,KKJ,641
SAN-LOBELIA4-328,SAN,LOBELIA4,328,2012,131,1030,66,0,Fair,9,7,0,0,0,1,1,1,1,1,0,0,2,2,0,1,0,KKJ,630
SAN-LOBELIA4-321,SAN,LOBELIA4,321,2012,131,0928,63,2,Fair,9.5,8,0,0,0,1,1,2,0,1,0,2,2,1,0,1,0,KKJ,568
SAN-LOBELIA4-105,SAN,LOBELIA4,105,2012,131,0948,64,0,Fair,8.5,7,0,0,0,0,0,2,0,1,0,2,1,1,0,0,0,KKJ,588
SAN-LOBELIA4-324,SAN,LOBELIA4,324,2012,131,0905,61,0,Good,14,10,0,0,0,0,0,2,2,2,0,1,1,2,0,0,0,KKJ,545
SAN-LOBELIA4-325,SAN,LOBELIA4,325,2012,131,0918,62,1,Fair,10,8,0,0,0,0,0,1,1,1,0,2,1,2,0,0,0,KKJ,558
SAN-LOBELIA4-323,SAN,LOBELIA4,323,2012,131,0845,60,0,Good,13.5,10,0,0,0,1,1,2,1,2,0,1,2,2,1,1,1,KKJ,525
SAN-LOBELIA4-322,SAN,LOBELIA4,322,2012,131,0854,60,0,Fair,9,7,0,0,0,0,0,1,1,1,0,1,1,2,0,0,0,KKJ,534
SAN-LOBELIA4-320,SAN,LOBELIA4,320,2012,131,0823,60,0,Good,14,10,0,0,0,2,1,2,2,2,0,1,1,2,1,2,1,KKJ,503
SAN-LOBELIA4-319,SAN,LOBELIA4,319,2012,131,0833,60,1,Good,13.5,11,0,0,0,0,0,2,2,1,0,2,2,2,0,0,0,KKJ,513
SAN-LOBELIA1-221,SAN,LOBELIA1,221,2012,131,0729,58,0,Good,13.5,11,0,0,0,1,1,2,2,1,1,1,2,2,0,1,0,KKJ,449
SAN-LOBELIA1-228,SAN,LOBELIA1,228,2012,131,0749,60,0,Fair,10.5,8,0,0,0,0,0,2,2,1,0,1,1,1,0,0,0,KKJ,469
SAN-OVERHILLS1-238,SAN,OVERHILLS1,238,2012,141,0843,65,0,Fair,10.5,8,0,0,0,0,0,1,2,1,0,1,2,1,0,0,0,KKJ,523
SAN-OVERHILLS1-237,SAN,OVERHILLS1,237,2012,141,0854,65,0,Good,14,10,0,0,0,0,0,1,2,2,0,2,2,1,0,0,0,KKJ,534
SAN-OVERHILLS1-236,SAN,OVERHILLS1,236,2012,141,0905,66,0,Good,13,9,0,0,0,1,1,1,2,2,0,1,2,1,0,1,0,KKJ,545
SAN-OVERHILLS1-241,SAN,OVERHILLS1,241,2012,141,0930,67,0,Good,12.5,10,0,0,0,1,1,2,2,1,0,1,2,2,1,1,1,KKJ,570
SAN-LOBELIA1-233,SAN,LOBELIA1,233,2012,141,0615,62,2,Good,14.5,11,0,0,0,0,0,2,1,2,1,1,2,2,0,0,0,KKJ,375
SAN-LOBELIA1-234,SAN,LOBELIA1,234,2012,141,0628,62,2,Poor,4,4,0,0,0,0,0,0,0,0,1,0,1,2,0,0,0,KKJ,388
SAN-MANCHESTER3-101,SAN,MANCHESTER3,101,2012,141,0705,63,0,Fair,10,9,0,0,0,0,0,1,2,0,1,2,1,2,0,0,0,KKJ,425
SAN-OVERHILLS1-244,SAN,OVERHILLS1,244,2012,141,0729,63,0,Good,12.5,10,0,0,0,1,1,2,2,1,0,2,1,2,1,1,1,KKJ,449
SAN-MCCAIN1-397,SAN,MCCAIN1,397,2012,151,0732,66,1,Good,11,10,0,0,0,0,0,1,2,0,2,1,2,2,0,0,0,KKJ,452
SAN-OVERHILLS1-239,SAN,OVERHILLS1,239,2012,141,0944,68,0,Fair,11.5,9,0,0,0,0,0,1,2,1,0,2,2,1,0,0,0,KKJ,584
SAN-ANDERSONCREEK4-490,SAN,ANDERSONCREEK4,490,2012,141,1031,74,2,Poor,4,4,0,0,0,0,0,2,0,0,0,0,1,1,0,0,0,KKJ,631
SAN-OVERHILLS1-245,SAN,OVERHILLS1,245,2012,141,0743,63,0,Fair,11.5,9,0,0,0,0,0,2,2,1,0,1,1,2,0,0,0,KKJ,463
SAN-OVERHILLS1-242,SAN,OVERHILLS1,242,2012,141,0817,65,0,Fair,9,8,0,0,0,0,0,1,2,0,1,1,1,2,0,0,0,KKJ,497
SAN-OVERHILLS1-240,SAN,OVERHILLS1,240,2012,141,0832,65,0,Good,14,10,0,0,0,2,1,1,2,2,0,1,2,2,1,2,1,KKJ,512
SAN-BUNNLEVEL3-491,SAN,BUNNLEVEL3,491,2012,149,0804,73,2,Poor,5,5,0,0,0,0,0,2,0,0,0,1,1,1,0,0,0,KKJ,484
SAN-BUNNLEVEL3-492,SAN,BUNNLEVEL3,492,2012,149,0815,74,2,Poor,4,4,0,0,0,0,0,2,0,0,0,0,2,0,0,0,0,KKJ,495
SAN-OLIVIA2-529,SAN,OLIVIA2,529,2012,149,0848,74,0,Fair,11,8,0,0,0,0,0,1,0,2,0,2,1,2,0,0,0,KKJ,528
SAN-BUNNLEVEL3-493,SAN,BUNNLEVEL3,493,2012,149,0753,73,2,Poor,7,7,0,0,0,0,0,2,0,0,0,1,2,2,0,0,0,KKJ,473
SAN-PINEBLUFF3-151,SAN,PINEBLUFF3,151,2012,151,0750,67,2,Poor,5.5,5,0,0,0,0,0,1,1,0,0,1,1,1,0,0,0,KKJ,470
SAN-PINEBLUFF1-98,SAN,PINEBLUFF1,98,2012,151,0801,67,1,Good,13.5,10,0,0,0,0,0,2,1,2,0,1,2,2,0,0,0,KKJ,481
SAN-AMMON3-40,SAN,AMMON3,40,2012,120,0800,65,0,Poor,5,5,0,0,0,0,0,1,0,0,0,2,1,1,0,0,0,BS,480
SAN-AMMON3-41,SAN,AMMON3,41,2012,120,0730,65,0,Poor,3,3,0,0,0,0,0,1,0,0,0,1,1,0,0,0,0,BS,450
SAN-SILVERHILL1-66,SAN,SILVERHILL1,66,2012,151,0656,65,0,Fair,12,11,0,0,0,0,0,1,2,0,2,2,2,2,0,0,0,KKJ,416
SAN-MANGUM1-345,SAN,MANGUM1,345,2012,114,0654,48,0,Poor,6,6,1,0,0,0,0,2,0,0,0,1,2,1,0,0,0,AJL,414
SAN-WADESBORO2-158,SAN,WADESBORO2,158,2012,114,0718,50,2,Poor,6,6,0,0,0,0,0,0,0,0,0,2,2,2,0,0,0,AJL,438
SAN-ROWLAND1-271,SAN,ROWLAND1,271,2012,115,0832,50,0,Poor,2,2,0,0,0,0,0,0,0,0,0,0,2,0,0,0,0,AJL,512
SAN-HOFFMAN1-522,SAN,HOFFMAN1,522,2012,141,0750,66,0,Fair,10.5,8,0,0,0,0,0,1,2,1,0,2,1,1,0,0,0,JFM,470
SAN-HOFFMAN1-524,SAN,HOFFMAN1,524,2012,141,0806,66,0,Fair,10.5,8,0,0,0,0,0,1,2,1,0,2,1,1,0,0,0,JFM,486
SAN-WESTEND4-168,SAN,WESTEND4,168,2012,127,0705,60,0,Good,11,8,0,0,0,0,0,1,0,2,0,2,1,2,0,0,0,JFM,425
SAN-HARRISVILLE1-339,SAN,HARRISVILLE1,339,2012,117,0752,63,1,Poor,8.5,7,1,0,0,0,0,0,0,1,0,2,2,2,0,0,0,KKJ,472
SAN-WESTEND4-181,SAN,WESTEND4,181,2012,124,0758,67,2,Fair,11,8,0,0,0,0,0,0,0,2,1,2,1,2,0,0,0,JFM,478
SAN-WESTEND4-173,SAN,WESTEND4,173,2012,128,0840,62,0,Fair,11.5,9,0,0,0,0,0,0,2,1,0,2,2,2,0,0,0,JFM,520
SAN-ZIONGROVE4-498,SAN,ZIONGROVE4,498,2012,129,0821,70,1,Fair,8.5,7,0,0,0,0,0,1,0,1,0,2,1,2,0,0,0,JFM,501
SAN-WESTEND4-510,SAN,WESTEND4,510,2012,131,0746,55,3,Fair,11,8,0,0,0,0,0,0,0,2,0,2,2,2,0,0,0,JFM,466
SAN-WESTEND3-511,SAN,WESTEND3,511,2012,131,0759,58,3,Fair,10,7,0,0,0,0,0,0,0,2,0,2,1,2,0,0,0,JFM,479
SAN-WESTEND1-514,SAN,WESTEND1,514,2012,131,0837,60,1,Poor,4,4,1,0,0,0,0,1,0,0,0,1,1,1,0,0,0,JFM,517
SAN-WESTEND2-515,SAN,WESTEND2,515,2012,131,0850,63,0,Good,12,9,1,0,0,0,0,1,0,2,0,2,2,2,0,0,0,JFM,530
SAN-WESTEND1-513,SAN,WESTEND1,513,2012,131,0828,60,2,Poor,6.5,5,1,0,0,0,0,0,0,1,0,2,2,0,0,0,0,JFM,508
SAN-NORMAN2-523,SAN,NORMAN2,523,2012,141,0823,68,0,Fair,8.5,7,0,0,0,0,0,2,0,1,0,2,2,0,0,0,0,JFM,503
SAN-HOFFMAN4-519,SAN,HOFFMAN4,519,2012,141,,,,Poor,5,5,0,1,1,,0,1,0,0,0,2,0,2,0,0,0,JFM,
SAN-HOFFMAN4-518,SAN,HOFFMAN4,518,2012,141,,,,Poor,4,4,0,1,1,,0,1,0,0,0,2,0,1,0,0,0,JFM,
SAN-VASS1-558,SAN,VASS1,558,2012,145,0928,72,3,Fair,11,8,1,0,0,0,0,0,0,2,0,2,2,2,0,0,0,JFM,568
SAN-WHITEHILL1-540,SAN,WHITEHILL1,540,2012,145,,,,No habitat,,,0,1,1,,0,,,,,,,,0,0,0,JFM,
SAN-WHITEHILL1-546,SAN,WHITEHILL1,546,2012,145,0904,65,0,Fair,11.5,9,0,0,0,0,0,1,2,1,0,1,2,2,0,0,0,JFM,544
SAN-HOFFMAN4-521,SAN,HOFFMAN4,521,2012,141,0932,72,0,Fair,10.5,8,0,0,0,0,0,1,2,1,0,1,1,2,0,0,0,JFM,572
SAN-VASS1-509,SAN,VASS1,509,2012,145,,,,No habitat,4,4,0,1,1,,0,0,0,0,0,2,1,1,0,0,0,JFM,
SAN-WHITEHILL1-550,SAN,WHITEHILL1,550,2012,145,0800,65,0,Poor,6,6,0,0,0,0,0,2,0,0,0,1,2,1,0,0,0,JFM,480
SAN-RAEFORD2-208,SAN,RAEFORD2,208,2012,149,,,,No habitat,,,0,1,1,,0,,,,,,,,0,0,0,JFM,
SAN-ELIZABETHNORTH1-419,SAN,ELIZABETHNORTH1,419,2012,149,0628,70,2,Poor,7,7,0,0,0,0,0,2,0,0,0,1,2,2,0,0,0,KKJ,388
SAN-SILVERHILL1-569,SAN,SILVERHILL1,569,2012,151,0637,65,0,Fair,12.5,10,1,0,0,0,0,2,2,1,0,1,2,2,0,0,0,KKJ,397
SAN-PINEBLUFF3-65,SAN,PINEBLUFF3,65,2012,116,0751,65,1,Good,14,10,0,0,0,0,0,1,2,2,0,1,2,2,0,0,0,KKJ,471
SAN-SILVERHILL1-71,SAN,SILVERHILL1,71,2012,114,0754,50,0,Fair,9,7,0,0,0,1,1,1,1,1,0,1,2,1,0,1,0,KKJ,474
SAN-WESTEND2-516,SAN,WESTEND2,516,2012,131,0900,64,,Fair,9.5,8,1,0,0,0,0,1,0,1,0,2,2,2,0,0,0,JFM,540
SAN-HOFFMAN4-517,SAN,HOFFMAN4,517,2012,131,0909,65,0,Fair,11.5,9,1,0,0,1,1,2,2,1,0,1,2,1,0,1,0,JFM,549
SAN-SILVERHILL1-560,SAN,SILVERHILL1,560,2012,149,0931,79,0,Good,12.5,10,1,0,0,3,1,2,2,1,0,1,2,2,2,3,2,JFM,571
SAN-SILVERHILL1-136,SAN,SILVERHILL1,136,2012,149,0905,7,0,Excellent,16,12,0,0,0,2,1,2,2,2,0,2,2,2,0,2,0,JFM,545
SAN-SILVERHILL1-134,SAN,SILVERHILL1,134,2012,149,1035,79,0,Fair,11.5,9,0,0,0,0,0,2,2,1,0,2,1,1,0,0,0,JFM,635
SAN-SILVERHILL1-559,SAN,SILVERHILL1,559,2012,149,1055,80,0,Good,14,10,1,0,0,0,0,1,2,2,0,1,2,2,0,0,0,JFM,655
SAN-SILVERHILL1-583,SAN,SILVERHILL1,583,2013,106,0658,57,,Fair,9.5,8,0,0,0,0,0,2,0,1,0,1,2,2,0,0,0,MAN,418
SAN-MCDONALD1-344,SAN,MCDONALD1,344,2012,116,0734,68,2,Poor,4,4,1,0,0,0,0,0,0,0,0,0,2,2,0,0,0,AJL,454
SAN-MANCHESTER2-17502,SAN,MANCHESTER2,17502,2013,150,0956,79,0,Poor,5.5,5,0,0,0,0,0,1,1,0,0,0,1,2,0,0,0,NH,596
SAN-JEROME2-18301,SAN,JEROME2,18301,2013,120,0955,62,0,Good,12.5,10,1,0,0,0,0,1,2,1,1,1,2,2,0,0,0,BS,595
SAN-DUART2-19910,SAN,DUART2,19910,2013,140,0835,74,0,Poor,2,2,1,0,0,0,0,0,0,0,0,0,2,0,0,0,0,BS,515
SAN-ZIONGROVE3-690,SAN,ZIONGROVE3,690,2013,115,0836,65,0,Fair,11,9,1,0,0,0,0,2,1,1,0,2,1,2,0,0,0,JFM,516
SAN-ZIONGROVE1-10265,SAN,ZIONGROVE1,10265,2013,121,1031,60,1,Excellent,16,12,1,0,0,1,1,2,2,2,0,2,2,2,0,1,0,JFM,631
SAN-SILVERHILL2-20306,SAN,SILVERHILL2,20306,2013,140,0935,70,1,Good,12.5,10,1,0,0,1,1,1,2,1,1,2,1,2,1,0,0,JFM,575
SAN-JEROME2-18302,SAN,JEROME2,18302,2013,120,1020,60,0,Fair,11.5,9,1,0,0,0,0,1,2,1,0,2,1,2,0,0,0,BS,620
SAN-JEROME3-19908,SAN,JEROME3,19908,2013,140,0735,68,0,Fair,11.5,9,1,0,0,0,0,0,2,1,1,2,1,2,0,0,0,BS,455
SAN-MAXTON1-16305,SAN,MAXTON1,16305,2013,153,0900,73,1,Poor,6,5,1,0,0,0,0,1,2,0,0,0,2,0,0,0,0,JFM,540
SAN-PINEBLUFF4-20304,SAN,PINEBLUFF4,20304,2013,140,0842,68,0,Excellent,16,12,1,0,0,2,1,2,2,2,0,2,2,2,1,2,1,JFM,522
SAN-ROWLAND1-16701,SAN,ROWLAND1,16701,2013,154,0906,77,1,Fair,13.5,11,1,0,0,0,0,2,2,1,1,1,2,2,0,0,0,JFM,546
SAN-ZIONGROVE3-20704,SAN,ZIONGROVE3,20704,2013,110,0817,45,3,Poor,8.5,7,1,0,0,0,0,0,0,1,0,2,2,2,0,0,0,JFM,497
SAN-MAXTON1-16303,SAN,MAXTON1,16303,2013,153,0837,73,0,Good,16,12,1,0,0,0,0,2,2,2,1,1,2,2,0,0,0,JFM,517
SAN-MAXTON1-16304,SAN,MAXTON1,16304,2013,153,0848,73,0,Good,12,11,1,0,0,0,0,2,2,0,2,1,2,2,0,0,0,JFM,528
SAN-DUART2-19909,SAN,DUART2,19909,2013,140,0805,70,0,Poor,4,4,1,0,0,0,0,0,0,0,0,2,0,2,0,0,0,BS,485
SAN-SILVERHILL2-20307,SAN,SILVERHILL2,20307,2013,140,0954,72,1,Fair,9,6,1,0,0,0,0,0,0,2,0,1,1,2,0,0,0,JFM,594
SAN-PUTNAM2-20705,SAN,PUTNAM2,20705,2013,119,0933,68,1,Fair,10,7,1,0,0,0,0,0,0,2,0,2,1,2,0,0,0,JFM,573
SAN-MANCHESTER4-20706,SAN,MANCHESTER4,20706,2013,115,0848,56,1,Poor,8.5,7,1,0,0,0,0,2,0,1,0,2,0,2,0,0,0,MAN,528
SAN-JEROME3-19904,SAN,JEROME3,19904,2013,112,0845,52,0,Poor,3,3,1,0,0,0,0,0,0,0,0,1,0,2,0,0,0,BS,525
SAN-JEROME2-18303,SAN,JEROME2,18303,2013,120,1035,60,0,Good,10.5,8,1,0,0,0,0,0,2,1,1,1,1,2,0,0,0,BS,635
SAN-MCDONALD1-274,SAN,MCDONALD1,274,2012,116,0750,70,2,Good,12.5,9,0,0,0,0,0,0,1,2,0,2,2,2,0,0,0,AJL,470
SAN-MCDONALD1-15101,SAN,MCDONALD1,15101,2012,116,0805,72,2,Good,13.5,10,1,0,0,0,0,0,1,2,1,2,2,2,0,0,0,AJL,485
SAN-SILVERHILL3-564,SAN,SILVERHILL3,564,2012,149,0825,75,0,Good,11,8,1,0,0,0,0,0,0,2,1,2,1,2,0,0,0,JFM,505
SAN-SILVERHILL2-562,SAN,SILVERHILL2,562,2012,149,0800,75,2,Fair,8.5,7,0,0,0,0,0,0,0,1,1,2,1,2,0,0,0,JFM,480
SAN-RAEFORD2-563,SAN,RAEFORD2,563,2012,149,0657,74,2,Fair,8.5,7,0,0,0,0,0,2,0,1,0,1,2,1,0,0,0,JFM,417
SAN-MCCAIN2-565,SAN,MCCAIN2,565,2012,149,0618,73,3,Poor,10,10,1,0,0,0,0,2,0,0,2,2,2,2,0,0,0,JFM,378
SAN-MCCAIN2-566,SAN,MCCAIN2,566,2012,149,0628,,3,Fair,6.5,5,1,0,0,0,0,0,0,1,0,1,1,2,0,0,0,JFM,388
SAN-VASS1-551,SAN,VASS1,551,2012,141,0638,61,2,Good,8.5,7,1,0,0,0,0,0,0,1,1,1,2,2,0,0,0,JFM,398
SAN-VASS1-508,SAN,VASS1,508,2012,145,0710,61,2,Poor,3,3,0,0,0,0,0,0,0,0,0,1,1,1,0,0,0,JFM,430
SAN-WHITEHILL1-552,SAN,WHITEHILL1,552,2012,145,0737,64,0,Fair,6,6,0,0,0,0,0,0,0,0,1,2,1,2,0,0,0,JFM,457
SAN-OVERHILLS1-243,SAN,OVERHILLS1,243,2012,141,0754,63,0,Fair,9,7,0,0,0,0,0,1,1,1,0,0,2,2,0,0,0,KKJ,474
SAN-SOUTHERNPINES1-183,SAN,SOUTHERNPINES1,183,2012,117,0835,75,1,Good,15,11,0,0,0,0,0,2,2,2,0,2,1,2,0,0,0,AJL,515
SAN-WESTEND4-507,SAN,WESTEND4,507,2012,128,0605,60,0,Poor,7.5,6,0,0,0,0,0,1,0,1,0,1,1,2,0,0,0,JFM,365
SAN-WESTEND4-169,SAN,WESTEND4,169,2012,114,0702,37,2,Fair,10,7,0,0,0,0,0,0,0,2,0,2,1,2,0,0,0,JFM,422
SAN-WESTEND3-251,SAN,WESTEND3,251,2012,124,1000,74,0,Poor,4.5,4,0,0,0,0,0,2,1,0,0,0,1,0,0,0,0,JFM,600
SAN-WHITEHILL1-549,SAN,WHITEHILL1,549,2012,145,0810,66,0,Fair,10.5,9,0,0,0,0,0,0,0,1,2,2,2,2,0,0,0,JFM,490
SAN-MORVENWEST1-164,SAN,MORVENWEST1,164,2012,114,0903,65,2,Poor,8.5,7,0,0,0,0,0,0,0,1,0,2,2,2,0,0,0,AJL,543
SAN-MORVENWEST1-162,SAN,MORVENWEST1,162,2012,114,0918,67,1,Poor,5.5,4,0,0,0,0,0,0,0,1,0,1,1,1,0,0,0,AJL,558
SAN-WADESBORO4-160,SAN,WADESBORO4,160,2012,114,0840,60,1,Good,12.5,10,0,0,0,0,0,2,2,1,0,2,1,2,0,0,0,AJL,520
SAN-MCCOLL4-127,SAN,MCCOLL4,127,2012,115,0731,50,1,Fair,8.5,7,0,0,0,0,0,0,0,1,0,2,2,2,0,0,0,AJL,451
SAN-MCCOLL4-126,SAN,MCCOLL4,126,2012,115,0718,50,1,Poor,8.5,7,0,0,0,0,0,0,0,1,0,2,2,2,0,0,0,AJL,438
SAN-HARRISVILLE1-340,SAN,HARRISVILLE1,340,2012,117,0807,63,1,Poor,6,6,1,0,0,0,0,1,0,0,0,2,2,1,0,0,0,KKJ,487
SAN-SOUTHERNPINES1-182,SAN,SOUTHERNPINES1,182,2012,117,0732,74,0,Fair,11,8,0,0,0,0,0,0,0,2,0,2,2,2,0,0,0,AJL,452
SAN-SOUTHERNPINES1-184,SAN,SOUTHERNPINES1,184,2012,117,0807,76,0,Good,12.5,10,0,0,0,0,0,2,2,1,0,2,1,2,0,0,0,AJL,487
SAN-HOFFMAN4-554,SAN,HOFFMAN4,554,2012,141,0857,70,0,Fair,12,9,1,0,0,0,0,0,0,2,1,2,2,2,0,0,0,JFM,537
SAN-MARSTON1-574,SAN,MARSTON1,574,2012,213,,,,No habitat,4,4,0,1,1,,0,0,0,0,0,2,0,2,0,0,0,KKJ,
SAN-MARSTON2-573,SAN,MARSTON2,573,2012,213,,,,Poor,4,4,0,1,1,,0,1,0,0,0,2,1,0,0,0,0,KKJ,
SAN-WHITEHILL1-567,SAN,WHITEHILL1,567,2012,145,0823,,,Fair,8.5,7,0,0,0,0,0,0,0,1,0,2,2,2,0,0,0,JFM,503
SAN-WAKULLA2-247,SAN,WAKULLA2,247,2012,116,0632,66,2,Poor,7.5,6,0,0,0,0,0,0,0,1,0,1,2,2,0,0,0,AJL,392
SAN-WESTEND3-494,SAN,WESTEND3,494,2012,130,0815,60,1,Poor,4.5,3,0,0,0,0,0,1,0,1,0,0,1,0,0,0,0,JFM,495
SAN-HARRISVILLE3-343,SAN,HARRISVILLE3,343,2012,117,0607,60,1,Poor,7.5,6,1,0,0,0,0,0,0,1,0,2,1,2,0,0,0,KKJ,367
SAN-WAKULLA4-248,SAN,WAKULLA4,248,2012,116,0650,66,2,Poor,7.5,6,0,0,0,0,0,0,0,1,0,2,1,2,0,0,0,AJL,410
SAN-HARRISVILLE1-281,SAN,HARRISVILLE1,281,2012,117,,,,Poor,8.5,7,0,0,0,0,0,0,0,1,0,2,2,2,0,0,0,KKJ,
SAN-WESTEND4-170,SAN,WESTEND4,170,2012,117,0658,72,2,Good,12.5,10,0,0,0,0,0,2,2,1,0,1,2,2,0,0,0,AJL,418
NFL-HOLLISTER4-7014,NFL,HOLLISTER4,7014,2013,106,0804,61,2,Fair,11,8,1,0,0,0,0,0,0,2,0,2,2,2,0,0,0,SKA,484
SAN-WESTEND4-253,SAN,WESTEND4,253,2012,128,0626,60,0,Good,12,9,0,0,0,0,0,0,0,2,1,2,2,2,0,0,0,JFM,386
SAN-WESTEND4-176,SAN,WESTEND4,176,2012,128,0652,61,3,Good,11,8,0,0,0,0,0,0,0,2,0,2,2,2,0,0,0,JFM,412
SAN-WESTEND4-500,SAN,WESTEND4,500,2012,129,0728,68,0,Good,11,8,0,0,0,0,0,2,0,2,0,1,1,2,0,0,0,JFM,448
SAN-ZIONGROVE4-192,SAN,ZIONGROVE4,192,2012,129,0830,71,1,Good,12,9,0,0,0,0,0,2,0,2,0,2,2,1,0,0,0,JFM,510
SAN-ZIONGROVE4-255,SAN,ZIONGROVE4,255,2012,129,,,,Poor,5,5,0,1,1,,0,0,0,0,1,1,1,2,0,0,0,JFM,
SAN-WESTEND4-172,SAN,WESTEND4,172,2012,129,1034,75,1,Good,10,7,0,0,0,0,0,0,0,2,0,2,1,2,0,0,0,JFM,634
SAN-WESTEND4-495,SAN,WESTEND4,495,2012,130,0800,64,2,Fair,11,8,0,0,0,0,0,0,0,2,0,2,2,2,0,0,0,JFM,480
SAN-WESTEND1-512,SAN,WESTEND1,512,2012,131,0809,58,3,Good,13,10,1,0,0,0,0,2,0,2,0,2,2,2,0,0,0,JFM,489
SAN-WESTEND4-174,SAN,WESTEND4,174,2012,128,0812,61,0,Fair,11,8,0,0,0,0,0,2,0,2,0,2,1,1,0,0,0,JFM,492
SAN-WESTEND2-555,SAN,WESTEND2,555,2012,141,0554,60,1,Fair,9.5,8,1,0,0,0,0,2,0,1,1,1,1,2,0,0,0,JFM,354
SAN-WESTEND1-557,SAN,WESTEND1,557,2012,141,0630,60,2,Fair,8,5,1,0,0,0,0,0,0,2,0,1,1,1,0,0,0,JFM,390
SAN-ZIONGROVE4-188,SAN,ZIONGROVE4,188,2012,129,0807,69,1,Fair,11,8,0,0,0,0,0,2,0,2,0,0,2,2,0,0,0,JFM,487
NFL-THELMA1-8220,NFL,THELMA1,8220,2013,108,0744,65,2,Poor,5,5,1,0,0,0,0,2,0,0,0,0,1,2,0,0,0,SKA,464
NFL-LITTLETON4-8221,NFL,LITTLETON4,8221,2013,106,0938,65,,Poor,6.5,5,1,0,0,0,0,0,0,1,0,1,1,2,0,0,0,SKA,578
NFL-THELMA4-193,NFL,THELMA4,193,2013,106,1018,65,1,Poor,6.5,5,0,0,0,0,0,0,0,1,0,1,2,1,0,0,0,SKA,618
NFL-AFTON4-164,NFL,AFTON4,164,2012,129,0911,68,0,,6,6,0,0,0,0,0,1,0,0,2,1,1,1,0,0,0,SKA,551
NFL-ANDERSONCREEK2-24314,NFL,ANDERSONCREEK2,24314,2013,119,1120,65,0,No habitat,3,3,0,0,1,0,0,0,0,0,1,0,2,0,0,0,0,SKA,680
NFL-BAYLEAF1-23912,NFL,BAYLEAF1,23912,2012,130,0711,62,2,No habitat,4,4,1,0,1,0,0,0,0,0,2,0,2,0,0,0,0,SKA,431
NFL-BUNNLEVEL3-24312,NFL,BUNNLEVEL3,24312,2013,119,1000,65,0,Good,15,11,0,0,0,0,0,2,2,2,0,2,1,2,0,0,0,SKA,600
NFL-CASTALIA2-182,NFL,CASTALIA2,182,2012,130,0856,68,1,No habitat,8,8,1,0,1,0,0,2,0,0,2,0,2,2,0,0,0,SKA,536
NFL-CENTERVILLE1-184,NFL,CENTERVILLE1,184,2012,142,0713,66,2,Poor,5,5,1,0,0,0,0,1,0,0,0,2,0,2,0,0,0,SKA,433
NFL-CENTERVILLE2-156,NFL,CENTERVILLE2,156,2012,130,1010,70,1,Poor,8,7,0,0,0,0,0,1,2,0,1,2,0,1,0,0,0,SKA,610
NFL-CENTERVILLE2-158,NFL,CENTERVILLE2,158,2012,130,1022,70,2,Poor,4,4,0,0,0,0,0,0,0,0,2,0,2,0,0,0,0,SKA,622
NFL-CENTERVILLE4-160,NFL,CENTERVILLE4,160,2012,130,0933,68,1,No habitat,5,5,0,0,0,0,0,1,0,0,1,0,2,1,0,0,0,SKA,573
NFL-CLAYTON3-83,NFL,CLAYTON3,83,2012,116,0735,65,3,Poor,3,3,0,0,0,0,0,1,0,0,0,1,0,1,0,0,0,SKA,455
NFL-COKESBURY1-68,NFL,COKESBURY1,68,2012,115,0945,56,0,No habitat,7,7,0,1,1,,0,1,0,0,2,1,2,1,0,0,0,BEM,585
NFL-COKESBURY2-62,NFL,COKESBURY2,62,2012,115,1013,56,0,No habitat,8,8,1,0,1,0,0,0,0,0,2,2,2,2,0,0,0,BEM,613
NFL-COKESBURY2-63,NFL,COKESBURY2,63,2012,115,1021,56,0,No habitat,6.5,5,0,0,1,0,0,0,0,1,0,1,1,2,0,0,0,BEM,621
NFL-ESSEX4-11,NFL,ESSEX4,11,2012,110,0711,60,2,No habitat,8,8,0,0,0,0,0,0,0,0,2,2,2,2,0,0,0,AJL,431
NFL-ESSEX4-7012,NFL,ESSEX4,7012,2013,126,0847,65,1,Poor,8.5,8,0,0,0,0,0,2,1,0,1,0,2,2,0,0,0,SKA,527
NFL-FUQUAYVARINA4-86,NFL,FUQUAYVARINA4,86,2012,116,0938,65,2,Fair,13.5,11,1,0,0,0,0,2,2,1,1,2,1,2,0,0,0,SKA,578
NFL-FUQUAYVARINA4-87,NFL,FUQUAYVARINA4,87,2012,116,1002,70,1,Poor,4,4,1,0,0,0,0,0,0,0,0,2,0,2,0,0,0,SKA,602
NFL-GRISSOM3-41,NFL,GRISSOM3,41,2012,114,0824,40,3,Poor,10,9,0,0,0,0,0,1,2,0,2,2,1,1,0,0,0,SKA,504
NFL-GRISSOM3-42,NFL,GRISSOM3,42,2012,114,0735,38,1,No habitat,1,1,0,0,1,0,0,0,0,0,0,1,0,0,0,0,0,SKA,455
NFL-HALIFAX4-24315,NFL,HALIFAX4,24315,2013,126,0810,65,2,Poor,11.5,10,0,0,0,0,0,1,0,1,2,2,2,2,0,0,0,SKA,490
NFL-HOLLISTER2-7013,NFL,HOLLISTER2,7013,2013,106,0704,60,1,Poor,4,4,1,0,0,0,0,1,0,0,1,1,0,1,0,0,0,SKA,424
NFL-INEZ3-172,NFL,INEZ3,172,2012,142,0818,68,1,No habitat,7,7,0,0,1,0,0,1,0,0,2,0,2,2,0,0,0,SKA,498
NFL-KENLEYEAST4-129,NFL,KENLEYEAST4,129,2013,105,0903,60,0,Poor,7,7,0,0,0,0,0,2,0,0,1,1,1,2,0,0,0,SKA,543
NFL-LITTLETON4-24311,NFL,LITTLETON4,24311,2013,108,0838,68,1,Poor,5,5,1,0,0,0,0,1,0,0,1,1,1,1,0,0,0,SKA,518
NFL-LOUISBURG1-165,NFL,LOUISBURG1,165,2012,129,0815,66,3,Poor,8.5,7,1,0,0,0,0,1,0,1,1,1,1,2,0,0,0,SKA,495
NFL-LOUISBURG1-166,NFL,LOUISBURG1,166,2012,129,0735,65,3,No habitat,7.5,6,1,0,0,0,0,1,0,1,0,2,1,1,0,0,0,SKA,455
NFL-MACON4-186,NFL,MACON4,186,2012,142,0917,70,1,Fair,9,8,0,0,0,0,0,1,2,0,1,2,0,2,0,0,0,SKA,557
NFL-MIDDLESEX3-101,NFL,MIDDLESEX3,101,2013,105,0815,59,2,Poor,6,6,0,0,0,0,0,2,0,0,1,0,2,1,0,0,0,SKA,495
NFL-MIDDLESEX3-106,NFL,MIDDLESEX3,106,2012,117,0847,65,1,Poor,6,6,0,0,0,0,0,1,0,0,1,1,1,2,0,0,0,SKA,527
NFL-MIDDLESEX3-132,NFL,MIDDLESEX3,132,2012,117,0803,65,2,No habitat,7,7,1,0,0,0,0,1,0,0,2,0,2,2,0,0,0,SKA,483
NFL-MIDDLESEX3-133,NFL,MIDDLESEX3,133,2012,117,0830,65,2,No habitat,6,6,1,0,0,0,0,1,0,0,1,0,2,2,0,0,0,SKA,510
NFL-MIDDLESEX4-23911,NFL,MIDDLESEX4,23911,2012,128,0752,65,1,No habitat,4,4,1,0,1,0,0,0,0,0,0,2,0,2,0,0,0,SKA,472
NFL-NORTHEASTDURHAM4-44,NFL,NORTHEASTDURHAM4,44,2012,114,0944,64,1,No habitat,6,6,0,0,1,0,0,2,0,0,1,0,1,2,0,0,0,SKA,584
NFL-NORTHEASTDURHAM4-73,NFL,NORTHEASTDURHAM4,73,2012,114,1034,68,1,Fair,6,5,1,0,0,0,0,1,2,0,0,1,0,1,0,0,0,SKA,634
NFL-PINETOPS1-146,NFL,PINETOPS1,146,2013,105,,,,No habitat,3,3,0,1,1,,0,0,0,0,1,0,1,1,0,0,0,SKA,
NFL-ROANOKERAPIDS1-194,NFL,ROANOKERAPIDS1,194,2013,108,,,,No habitat,8,8,0,1,1,,0,0,0,0,2,2,2,2,0,0,0,SKA,
NFL-SARATOGA1-149,NFL,SARATOGA1,149,2012,128,1032,75,3,No habitat,6.5,5,1,0,0,0,0,0,0,1,0,2,0,2,0,0,0,SKA,632
NFL-SARATOGA4-143,NFL,SARATOGA4,143,2013,105,,,,No habitat,6,6,0,1,1,,0,1,0,0,2,0,2,1,0,0,0,SKA,
NFL-SELMA2-110,NFL,SELMA2,110,2012,128,0705,65,3,No habitat,3,3,0,0,0,0,0,0,0,0,2,0,1,0,0,0,0,SKA,425
NFL-STANCILSCHAPEL1-108,NFL,STANCILSCHAPEL1,108,2012,117,1026,70,1,No habitat,8,8,0,0,1,0,0,2,0,0,1,1,2,2,0,0,0,SKA,626
NFL-STANCILSCHAPEL3-107,NFL,STANCILSCHAPEL3,107,2012,117,0914,65,2,No habitat,5,5,0,0,1,0,0,2,0,0,1,0,1,1,0,0,0,SKA,554
NFL-THELMA1-118,NFL,THELMA1,118,2013,108,,,,No habitat,4,4,0,1,1,,0,1,0,0,1,0,2,0,0,0,0,SKA,
NFL-WINSTEADCROSSROADS2-142,NFL,WINSTEADCROSSROADS2,142,2012,128,,,,No habitat,4,4,0,1,1,,0,1,0,0,1,0,2,0,0,0,0,SKA,
NFL-WINSTEADCROSSROADS4-138,NFL,WINSTEADCROSSROADS4,138,2012,128,0858,68,2,No habitat,9.5,8,0,0,1,0,0,0,0,1,1,2,2,2,0,0,0,SKA,538
NFL-WINSTEADCROSSROADS4-139,NFL,WINSTEADCROSSROADS4,139,2012,128,,,,No habitat,6,6,0,1,1,,0,2,0,0,1,0,1,2,0,0,0,SKA,
NFL-WINSTEADCROSSROADS4-141,NFL,WINSTEADCROSSROADS4,141,2012,128,1002,70,1,No habitat,5,5,0,0,0,0,0,1,0,0,1,1,1,1,0,0,0,SKA,602
SAN-WESTEND2-14295,SAN,WESTEND2,14295,2013,136,1048,77,1,Good,15,11,1,0,0,0,0,2,2,2,0,2,1,2,0,0,0,JFM,648
SAN-WESTEND2-14296,SAN,WESTEND2,14296,2013,136,1119,78,1,Excellent,14,10,1,0,0,0,0,2,2,2,0,2,1,1,0,0,0,JFM,679
